ID_PRODUCTO,PRODUCTO,UNIDAD,ACTIVO,FECHA_ACTIVO,DESACTIVO,FECHA_DESACTIVO
0,,,T,2019-11-01,,
1,PIRROLIDONA-2,TAMBOR X 190,,,,
2,ABIQUIM PEGAMENTO PARA RATAS,ENVASE X 1 KG,,,,
3,ABONO FERTILIZANTE TRIPLE 15 Bolsa x 50 Kg,BOLSA X 50,,,,
4,ABONO FERTILIZANTE TRIPLE 15 Fraccionado,FRACCIONADO X 1 o 5 Kg,,,,
5,ABRILLANTADOR FINISH 500 ml,ENVASE X 500 mL,,,,
6,ACARICYGON INSECTICIDA ACARICIDA,ENVASE X 60 mL,,,,
7,ACEITE DE PINO Fraccionado,FRACC. x 1 x 5 o x 20 Kg,,,,
8,ACEITE DE PINO Tambor x 180 Kg,TAMBOR X 180,,,,
9,ACEITE DE RICINO,BIDON X 25,,,,
10,ACEITE DE RICINO 15 MOE,TAMBOR X 210,,,,
11,ACEITE DE RICINO 36 MOE,TAMBOR X 205,,,,
12,ACEITE DE RICINO 40 MOE,TAMBOR X 215,,,,
13,ACEITE DE RICINO HIODROGENADO,BOLSA X 25,,,,
14,ACEITE DE SILICONA 1000 cSt Bidon  x 5 Lt,BIDON X 5,,,,
15,ACEITE DE SILICONA 1000 cSt Botella  x 1 Lt,BOTELLA X 1,,,,
16,ACEITE DE SILICONA 1000 cSt Botella x 250 mL,ENVASE X 250 mL,,,,
17,ACEITE DE SILICONA 1000 cSt Botella x 500 mL,ENVASE X 500 mL,,,,
18,ACEITE ROJO TURCO 50%,TAMBOR X 200,,,,
19,ACEITE ROJO TURCO 80%,TAMBOR X 200,,,,
20,ACESULFAME K,CUÑETE X 25,,,,
21,ACETATO DE AMILO,TAMBOR X 190,,,,
22,ACETATO DE BENCILO,TAMBOR X 210,,,,
23,ACETATO DE BUTILO,TAMBOR X 170,,,,
24,ACETATO DE CEDRILO,FRACC. x 1 x 5 o x 20 Kg,,,,
25,ACETATO DE CINC,BOLSA X 25,,,,
26,ACETATO DE CITRONELLILO,TAMBOR X 200,,,,
27,ACETATO DE COBRE  PURO,BOLSA X 25,,,,
28,ACETATO DE ETIL DIGLICOL,TAMBOR X 200,,,,
29,ACETATO DE ETILGLICOL,TAMBOR X 200,,,,
30,ACETATO DE ETILO 99.9% **,TAMBOR X 180,,,,
31,ACETATO DE GERANILO,TAMBOR X 180,,,,
32,ACETATO DE HEXILO,TAMBOR X 175,,,,
33,ACETATO DE ISOBORNILO,TAMBOR X 175,,,,
34,ACETATO DE ISONONILO,TAMBOR X 175,,,,
35,ACETATO DE LINALILO,TAMBOR X 175,,,,
36,ACETATO DE NITRILO,TAMBOR X 175,,,,
37,ACETATO DE SEC BUTILO,TAMBOR X 180,,,,
38,ACETATO DE SODIO,BOLSA X 25,,,,
39,ACETATO DE STIRALILO,TAMBOR X 200,,,,
40,ACETATO DE TERPENILO,TAMBOR X 190,,,,
41,ACETATO DE VERDILO,TAMBOR X 191,,,,
42,ACETATO DE VINILO,TAMBOR X 200,,,,
43,ACETATO DIMETIL BENCIL CARBINOL,TAMBOR X 201,,,,
44,ACETATO PARATERCICO,TAMBOR X 202,,,,
45,ACIDO ACETICO GLACIAL**,BIDON X 30,,,,
46,ACIDO ACRILICO,TAMBOR X 200,,,,
47,ACIDO BENZOICO,BOLSA X 25,,,,
48,ACIDO BORICO Bolsa x 25 Kg,BOLSA X 25,,,,
49,ACIDO BORICO Fraccionado,FRACCIONADO X 1 o 5 Kg,,,,
50,ACIDO CAPRILICO,TAMBOR X 180,,,,
51,ACIDO CITRICO ANHIDRO Bolsa x 25 Kg,BOLSA X 25,,,,
52,ACIDO CITRICO ANHIDRO Fraccionado,FRACCIONADO x 1 o 5 Kg,,,,
53,ACIDO CLORHIDRICO 37° % Bidon x 10 Kg *,BIDON X 10,,,,
54,ACIDO CLORHIDRICO 37°% Bidon x 30 Kg *,BIDON X 30,,,,
55,ACIDO DODECILBENCEN SULFONICO 96% Fraccionado,FRACC. x 1 x 5 o x 20 Kg,,,,
56,ACIDO DODECILBENCEN SULFONICO 96% Tambor x 230 Kg,TAMBOR X 230,,,,
57,ACIDO ESTEARICO 2º PRESIÓN,BOLSA X 25,,,,
58,ACIDO ESTEARICO 3º PRESION,BOLSA X 25,,,,
59,ACIDO FENICO PURO,BOTELLA X 1,,,,
60,ACIDO FORMICO Bidon x 25 Kg,BIDON X 25,,,,
61,ACIDO FOSFORICO 85 % Bidon x 35 Kg,BIDON X 35,,,,
62,ACIDO FOSFORICO 85 % Fraccionado,BIDON X 35,,,,
63,ACIDO GLICOLICO 70%,TAMBOR X 200,,,,
64,ACIDO GLUCONICO,TAMBOR X 240,,,,
65,ACIDO LACTICO 85 %,BIDON X 60,,,,
66,ACIDO LAURICO,BOLSA X 25,,,,
67,ACIDO MALICO,BOLSA X 25,,,,
68,ACIDO MIRISTICO,TAMBOR X 200,,,,
69,ACIDO NITRICO 65 %,BIDON X 25,,,,
70,ACIDO OLEICO BIDESTILADO,TAMBOR X 190,,,,
71,ACIDO OXALICO Bolsa x 25 Kg,BOLSA X 25,,,,
72,ACIDO OXALICO Fraccionado,FRACCIONADO X 1 o 5 Kg,,,,
73,ACIDO PARA BATERIA 1250,PRODUCCION A PEDIDO,,,,
74,ACIDO PARA BATERIA 1280,PRODUCCION A PEDIDO,,,,
75,ACIDO PARA BATERIA 1320,PRODUCCION A PEDIDO,,,,
76,ACIDO PARA PILETA ( Acido Clorhidrico 19.5 %)  Bidon x 5 Lt,BIDON X 5,,,,
77,ACIDO SALICILICO,BOLSA X 25,,,,
78,ACIDO SALICILICO Purificado,BOLSA X 25,,,,
79,ACIDO SALICILICO USP,CUÑETE X 25,,,,
80,ACIDO SORBICO,BOLSA X 25,,,,
81,ACIDO SUCCINICO,CUÑETE X 25,,,,
82,ACIDO SULFAMICO,BOLSA X 25,,,,
83,ACIDO SULFURICO 98% TEC. Bidon x 35 Kg *,BIDON X 35,,,,
84,ACIDO SULFURICO SN AL 30% Bid x 30 Kg,BIDON X 30,,,,
85,ACIDO TARTARICO,BOLSA X 25,,,,
86,ACIDO TIOGLICOLICO 80 %,TAMBOR X 260,,,,
87,ACRILAMIDA,CAJA X 25,,,,
88,ADAPTADOR LIMPIA VIDRIOS PARA CABO EXTENSIBLE 3MT,UNIDAD,,,,
89,ADHESIVO LIMPIADOR PARA INODORO MR MUSCULO CITRICO,ENVASE X 30 GR,,,,
90,ADHESIVO LIMPIADOR PARA INODORO MR MUSCULO LAVANDA,ENVASE X 30 GR,,,,
91,ADHESIVO LIMPIADOR PARA INODORO MR MUSCULO MARINO,ENVASE X 30 GR,,,,
92,AEROSOL EFECTO MATA MOSCAS Y MOSQUITOS,1 u,,,,
93,AEROSOL LUSTRA MUEBLES CERAMICOL,1 u,,,,
94,AGUA AMONIACAL - AMONIACO 26º BME Bidon x 30 Kg **,BIDON X 30,,,,
95,AGUA AMONIACAL - AMONIACO 26º BME Tambor x 200 Kg **,TAMBOR X 200,,,,
96,AGUA DESTILADA Bidon x 20 Lt,BIDON X 20,,,,
97,AGUA DESTILADA Bidon x 5 Lt,ENVASE X 5 LT,,,,
98,AGUA DESTILADA Granel,NO INCLUYE ENVASE NI FLETE,,,,
99,AGUA OXIGENADA 250 VOL Bidon x 30 Kg,BIDON X 30,,,,
100,AGUA OXIGENADA 250 VOL Bidon x 65 Kg,BIDON X 65,,,,
101,AGUARRAZ MINERAL,TAMBOR X 200,,,,
102,AGUARRAZ MINERAL (VARSOL),TAMBOR X 200,,,,
103,AGUARRAZ MINERAL Fraccionado,FRACC. x 1 x 5 x 20 Lt,,,,
104,AGUARRAZ VEGETAL / ESENCIA DE TREMENTINA,TAMBOR X 200,,,,
105,AGUICIDA,BIDON X 5,,,,
106,AHUYENTA MASCOTAS Bidon x 5 Lt,BIDON X 5,,,,
107,AHUYENTA MASCOTAS Botella x 1 Lt,BOTELLA X 1 LT,,,,
108,AHUYENTA MASCOTAS Pulverizador x 1 Lt,PULVERIZADOR X 1 Lt,,,,
109,ALCANFOR Caja x 25 Kg,CAJA X 25,,,,
110,ALCANFOR Fraccionado,FRACCIONADO x 1 o 5 Kg,,,,
111,ALCOHOL BENCILICO USP,TAMBOR X 220,,,,
112,ALCOHOL CETILICO Bolsa x 25 Kg,BOLSA X 25,,,,
113,ALCOHOL CETILICO Fraccionado,FRACCIONADO x 1 o 5 Kg,,,,
114,ALCOHOL CETOESTEARILICO 30:70,BOLSA X 20,,,,
115,ALCOHOL CETOESTEARILICO EMULSIONADO,BOLSA X 20,,,,
116,ALCOHOL DE QUEMAR MAS FUEGO Botella x 930 mL,BOTELLA x 930 mL,,,,
117,ALCOHOL DILUYENTE IPA Fraccionado,FRACC. x 1 x 5 x 20 Lt,,,,
118,ALCOHOL EN GEL,BIDON X 5,,,,
119,ALCOHOL EN GEL Bidon x 20 Lt,BIDON X 20,,,,
120,ALCOHOL EN GEL Bidon x 5 Lt,BIDON X 5,,,,
121,ALCOHOL EN GEL Botella x 1 Lt,BOTELLA X 1,,,,
122,ALCOHOL EN GEL Dispenser x 250 mL,ENVASE X 250 mL,,,,
123,ALCOHOL EN GEL Granel,PRODUCCION A PEDIDO,,,,
124,ALCOHOL ESTEARILICO,BOLSA X 25,,,,
125,ALCOHOL ETILICO,BIDON X 5,,,,
126,ALCOHOL ETILICO 96° FINO PUROCOL Botella x 1 Lt,BOTELLA X 1,,,,
127,ALCOHOL ETILICO INDUSTRIAL Fraccionado,FRACC. x 1 x 5 x 20 Lt,,,,
128,ALCOHOL ETILICO INDUSTRIAL Tambor x 200 Lt,TAMBOR X 200,,,,
129,ALCOHOL FENIL PROPILICO,TAMBOR X 201,,,,
130,ALCOHOL FENILETILICO,TAMBOR X 202,,,,
131,ALCOHOL ISOBUTILICO,TAMBOR X 200,,,,
132,ALCOHOL ISOPROPILICO ANHIDRO,TAMBOR X 200,,,,
133,ALCOHOL ISOTRIDECILICO 6 MOE,TAMBOR X 210,,,,
134,ALCOHOL ISOTRIDECILICO 8 MOE,TAMBOR X 200,,,,
135,ALCOHOL LAURICO,TAMBOR X 175,,,,
136,ALCOHOL LAURICO  9 MOE,TAMBOR X 200,,,,
137,ALCOHOL LAURICO 2 MOE,TAMBOR X 185,,,,
138,ALCOHOL LAURICO 23 MOE,TAMBOR X 200,,,,
139,ALCOHOL LAURICO 5 MOE,TAMBOR X 200,,,,
140,ALCOHOL LAURICO 7 MOE,TAMBOR X 200,,,,
141,ALDEHIDO  C10,TAMBOR X 200,,,,
142,ALDEHIDO  C16,TAMBOR X 200,,,,
143,ALDEHIDO ANISICO,TAMBOR X 200,,,,
144,ALDEHIDO BENZOICO,TAMBOR X 200,,,,
145,ALDEHIDO C11 UNDECILENICO,TAMBOR X 200,,,,
146,ALDEHIDO C12 MNA,TAMBOR X 200,,,,
147,ALDEHIDO C14,TAMBOR X 200,,,,
148,ALDEHIDO C18,TAMBOR X 200,,,,
149,ALDEHIDO HEXILCINAMICO,TAMBOR X 200,,,,
150,ALDEHIDO LAURICO C12,TAMBOR X 200,,,,
151,ALFA-AMILASA,BIDON X 30,,,,
152,ALGINATO DE SODIO,BOLSA X 25,,,,
153,ALGODON X 150 GRS,UNIDAD,,,,
154,ALGUICIDA 1:250.000  Botella x 1 Lt,BOTELLA X 1,,,,
155,ALGUICIDA 1:250.000 Bidon x 20 Lt,BIDON X 20,,,,
156,ALGUICIDA 1:250.000 Bidon x 5 Lt,BIDON X 5,,,,
157,ALMIDON DE MAIZ ALIMENTICIO,BOLSA X 25,,,,
158,ALQUILOLAMIDA DE COCO,TAMBOR X 190,,,,
159,ALQUITRAN VEGETAL,BIDON X 10,,,,
160,ANHIDRIDO ACETICO *,BIDON X 20,,,,
161,ANTIESPUMANTE SILICONA LIQUIDO AG 30V,BIDON X 25,,,,
162,ANTIESPUMANTE SILICONADO POLVO VOR XG 2120,BOLSA x 20 Kg,,,,
163,ANTIGRASA BRASSO,ENVASE X 500 CC,,,,
164,ANTIGRASA MR MUSCULO,ENVASE X 500 CC,,,,
165,ANTIGRASA MR MUSCULO ANTIGRASA doypack,ENVASE X 500 CC,,,,
166,ANTIGRASA MR MUSCULO COCINA doypack,ENVASE X 500 CC,,,,
167,ANTIHUMEDAD AIREPUR X350G,UNIDAD,,,,
168,ANTIPOLILLAS VIANCE X 200GR,ENVASE X 200 GRS,,,,
169,ANTORCHA CHICA,POR UNIDAD,,,,
170,ANTORCHA GRANDE,POR UNIDAD,,,,
171,ANTRANILATO DE METILO,TAMBOR X 220,,,,
172,APRESTO Bidon x 5 Lt,BIDON X 5,,,,
173,APRESTO Botella x 1 Lt,BOTELLA X 1,,,,
174,APRESTO KLARO Aerosol x 360 CC,ENVASE X 360 CC,,,,
175,APRESTO KLARO Sachet x 450 mL,ENVASE X 500 CC,,,,
176,AROMATICO PESADO,TAMBOR X 180,,,,
177,AROMATIZADOR ACEITE NATURAL GLADE,ENVASE X 21 CC,,,,
178,AROMATIZADOR ANALOGO CON REPUESTO NEW SCENT,POR UNIDAD,,,,
179,AROMATIZADOR ANALOGO NEW SCENT,POR UNIDAD,,,,
180,AROMATIZADOR DIGITAL NEW SCENT,POR UNIDAD,,,,
181,AROMATIZADOR GLADE SENSATIONS AUTO,ENVASE X 8 GR,,,,
182,AROMATIZADOR GLADE SENSATIONS ELECTRIC,ENVASE X 8 GR,,,,
183,AROMATIZADOR GLADE SENSATIONS GLASS Aparato,ENVASE X 8 GR,,,,
184,AROMATIZADOR GLADE SENSATIONS GLASS Repuesto x 8 gr,ENVASE X 8 GR,,,,
185,ASPARTAME,CUÑETE X 25,,,,
186,ATRAPA HUMEDAD CRIVEA,ENVASE X 175 GRS,,,,
187,ATRAPA HUMEDAD PERDIGON SEC,ENVASE X 150 CC,,,,
188,AUTOPOLISH Bidon x 5 Lt,BIDON X 5,,,,
189,AUTOPOLISH Botella x 1 Lt,BOTELLA X 1,,,,
190,AUTOPOLISH Botella x 250 mL,ENVASE X 250 mL,,,,
191,AUTOPOLISH Botella x 500 mL,ENVASE X 500 mL,,,,
192,AZMICLE XILOL,CUÑETE X 25 Kg,,,,
193,AZUFRE POLVO MALLA 325 Bolsa x 25 Kg,BOLSA X 25 KG,,,,
194,AZUFRE POLVO MALLA 325 Fraccionado,FRACCIONADO x 1 o 5 Kg,,,,
195,AZUL DE ULTRAMAR,BOLSA X 25,,,,
196,BABOSIL CEBO x 200 gr,ENVASE X 200 gr,,,,
197,BABOSIL LIQUIDO x 100cc,ENVASE X 200 gr,,,,
198,BABOSIL MICROPELLETS x 100 gr,ENVASE X 100 gr,,,,
199,BALDE PARA LAMPAZO OVALADO C/ESCURRIDOR,ENVASE X UNIDAD,,,,
200,BALDE PLASTICO INDUSTRIAL CON MANIJA 4 LT,ENVASE X UNIDAD,,,,
201,BALDE PLASTICO X 10 LT,ENVASE X UNIDAD,,,,
202,BALDE PLASTICO X 12 LT,ENVASE X UNIDAD,,,,
203,BALDE PLASTICO X 14 LT T/ BOMBERO,ENVASE X UNIDAD,,,,
204,BALERINA,UNIDAD,,,,
205,BALERINA  DECORADA,UNIDAD,,,,
206,BARREDEROS X 80 CM,1 u,,,,
207,BARREDORES POR 1MTR,1 u,,,,
208,BARREDORES X 60 CM,1 u,,,,
209,BARRENDERO,ENVASE X UNIDAD,,,,
210,BARRENDERO ANDEN SAMANTHA,ENVASE X UNIDAD,,,,
211,BASE DESINFECTANE PARA PISO,BIDON X 5,,,,
212,BASE DESINFECTANE PARA PISO,BIDON X 20,,,,
213,BATEA RECTAGULAR BLANCA 41x30x9,ENVASE X UNIDAD,,,,
214,BATEA RECTAGULAR BLANCA 50 x 39 x 11,ENVASE X UNIDAD,,,,
215,BATEA RECTAGULAR BLANCA CHICA 30X21X10,ENVASE X UNIDAD,,,,
216,BENTONITA Bolsa x 25 Kg,BOLSA X 25,,,,
217,BENTONITA Fraccionado,FRACCIONADO x 1 o 5 Kg,,,,
218,BENZOATO DE BENCILO,TAMBOR X 220,,,,
219,BENZOATO DE METILO,TAMBOR X 220,,,,
220,BENZOATO DE SODIO GRANULAR,BOLSA X 25,,,,
221,BHA/BUTILHIDROXIANISOL,CAJA X 25,,,,
222,BHT/ BUTILHIDROXITOLUENO CRISTAL,BOLSA X 20,,,,
223,BICARBONATO DE AMONIO,BOLSA X 25,,,,
224,BICARBONATO DE SODIO Bolsa x 25 Kg,BOLSA X 25,,,,
225,BICARBONATO DE SODIO Fraccionado,FRACCIONADO x 1 o 5 Kg,,,,
226,BICHO TALADRO Y ORUGAS x 30 gr MAMBORETA C,ENVASE X 30 gr,,,,
227,BICHORED AUTOADHES.S/REJ 11X11,POR UNIDAD,,,,
228,BICHORED AUTOADHES.S/REJ 15X15,POR UNIDAD,,,,
229,BICHORED AUTOADHES.S/REJ 18 X18,POR UNIDAD,,,,
230,BIOCLIN X 70GR,ENVASE X 70 GS,,,,
231,BISULFITO DE AMONIO,BOLSA X 25,,,,
232,BLANQUEADOR OPTICO LIQUIDO,NA,,,,
233,BLEM ELECTRONICOS SUP.DELICADAS Aerosol,AEROSOL 235ml,,,,
234,BLEM PISOS PLASTIFICADOS Y FLOTANTES BLEM Botella x 900 mL,ENVASE X 900 CC,,,,
235,BLOQUE PARA MOCHILA  LYSOFORM,ENVASE X 35 GR,,,,
236,BOBINA DE PAPEL DOBEL HOJA 25 cm x 400 m (PACK X 2 UN),PACK X 2 UN,,,,
237,BOBINAS DE PAPEL,1 u,,,,
238,BOLSAS DE CONSORCIO 60 X 100 Cm Paquete x 10 UN,ENVASE X 10 UNIDADES,,,,
239,BOLSAS DE CONSORCIO REFORZADAS,10-60-90 Pack,,,,
240,BOLSAS DE CONSORCIO REFORZADAS,10-80-100 Pack,,,,
241,BOLSAS DE RESIDUOS REFORZADAS,30-45-30 Pack,,,,
242,BOLSAS EN ROLLO CIERRA FACIL 50 x 65 cm Paquete x 20 UN,ENVASE X 20 UN,,,,
243,BOLSAS FORSAC ECONOMICA RESIDUOS  50 X 70 Cm Paquete x 10 UN,ENVASE X 10 UNIDADES,,,,
244,BOLSAS FORSAC RESIDUOS   90 X 120 Cm Paquete x 10 UN,ENVASE X 10 UNIDADES,,,,
245,BOLSAS FORSAC RESIDUOS REFORZADA 60 X 90 Cm Paquete x 10 UN,ENVASE X 10 UNIDADES,,,,
246,BOLSAS FORSAC RESIDUOS REFORZADA 80 X 110 Cm Paquete x 10 UN,ENVASE X 10 UNIDADES,,,,
247,BOLSAS FORSAC RESIDUOS SUPER REFORZADA 60 X 90 Cm Paquete x 10 UN,ENVASE X 10 UNIDADES,,,,
248,BOLSAS FORSAC RESIDUOS SUPER REFORZADA 80 X 110 Cm Paquete x 10 UN,ENVASE X 10 UNIDADES,,,,
249,BOLSAS FORSAC RESIDUOS SUPER REFORZADA 90 X 120 Cm Paquete x 10 UN,ENVASE X 10 UNIDADES,,,,
250,BOLSAS FORSAC SUPER REFORZADAS 80 X 120  ENVASE X 10 Unidades,ENVASE X 10 UNIDADES,,,,
251,BOLSAS RESIDUOS 50 X 70 Cm Paquete x 10 UN,ENVASE X 10 UNIDADES,,,,
252,BOLSAS SUPER CONSORCIO 80 X 120 Cm Paquete x 10 UN,ENVASE X 10 UNIDADES,,,,
253,BOLSON ROLLO DE COCINA 8  PACK X 3,PAQUETE 3 UN,,,,
254,BORAX / TETRABORATO DE SODIO DECAHIDRATADO Fraccionado,FRACCIONADO X 1 o 5 Kg,,,,
255,BORAX/TETRABORATO DE SODIO DECAHIDRATADO Bolsa x 25 Kg,BOLSA X 25,,,,
256,BROCHES DE MADERA,12 u,,,,
257,BROCHES DE PLASTICO,12 u,,,,
258,BRONOPOL,CUÑETE X 25,,,,
259,BUTIL DIGLICOL,TAMBOR X 190,,,,
260,BUTILENGLICOL,TAMBOR X 210,,,,
261,BUTILGLICOL Fraccionado,FRACC. x 1 x 5 o x 20 Kg,,,,
262,BUTILGLICOL Tambor x 190 Kg,TAMBOR X 190,,,,
263,BUTIRATO DE AMILO,NA,,,,
264,BUTIRATO DE ETILO,BIDON X 20,,,,
265,CABO DE MADERA Chico,ENVASE X UNIDAD,,,,
266,CABO DE MADERA Grueso,ENVASE X UNIDAD,,,,
267,CABO DE MADERA Largo x 2 mts,ENVASE X UNIDAD,,,,
268,CABO DE PLASTICO,ENVASE X UNIDAD,,,,
269,CABO EXTENSIBLE 3MT,UNIDAD,,,,
270,CABO FORRADO METALICO,UNIDAD,,,,
271,CABO FORRADO VIRULANA,UNIDAD,,,,
272,CABO METALICO SANSON 1.5 MTS FIORENTINA,ENVASE X UNIDAD,,,,
273,CABO TELESCOPICO DE ALUMINIO x 1.50 mts,ENVASE X UNIDAD,,,,
274,CABO TELESCOPICO DE ALUMINIO x 2 mts,ENVASE X UNIDAD,,,,
275,CABO TELESCOPICO DE ALUMINIO x 3 mts,ENVASE X UNIDAD,,,,
276,CABOS 3 METROS EXTENSIBLES,1 u,,,,
277,CABOS DE MADERA CON ROSCA,1 u,,,,
278,CABOS DE MADERA CON ROSCA X 2 METROS,1 u,,,,
279,CACAO ALCALINO,BOLSA X 25,,,,
280,CAMELLITO Baja Espuma Bidon x 20 Lt,BIDON X 20,,,,
281,CAMELLITO Baja Espuma Bidon x 5 Lt,ENVASE X 5 LT,,,,
282,CAMELLITO Baja Espuma x 1 Lt,ENVASE X 1,,,,
283,CAMELLITO Bidon x 1 Lt,ENVASE X 1,,,,
284,CAMELLITO Bidon x 20 Lt,ENVASE X 5 LT,,,,
285,CAMELLITO Bidon x 5 Lt,ENVASE X 5 LT,,,,
286,CANASTA COMPLETA PARA INODOROS GLADE,"ENVASE X 27,5 GR",,,,
287,CANASTA LIQUIDA  REPUESTO PARA INODOROS  GLADE LAVANDA,ENVASE 50cc,,,,
288,CANASTA LIQUIDA COMPLETA GLADE,POR UNIDAD,,,,
289,CANASTA PARA INODOROS AYUDIN,ENVASE X  26 gr,,,,
290,CANASTA PARA INODOROS GLADE 2 EN 1 REP,ENVASE X 35 GR,,,,
291,CANASTA PARA INODOROS GLADE REPUESTO,27.5 gr,,,,
292,CAOLIN COLOIDAL,BOLSA X 25,,,,
293,CAOLIN COLOIDAL,BOLSA X 25,,,,
294,CARBOMERO 980 Caja x 20 Kg,CAJA X 20,,,,
295,CARBOMERO 980 Fraccionado,CAJA X 20,,,,
296,CARBONATO DE CALCIO PRECIPITADO LIVIANO Bolsa x 25 Kg,BOLSA X 25,,,,
297,CARBONATO DE CALCIO PRECIPITADO LIVIANO Fraccionado,FRACCIONADO X 1 o 5 Kg,,,,
298,CARBONATO DE COBALTO,CUÑETE X 25,,,,
299,CARBONATO DE MAGNESIO LIVIANO USP,BOLSA X 20,,,,
300,CARBONATO DE MAGNESIO PESADO USP,BOLSA X 20,,,,
301,CARBONATO DE POTASIO ANHIDRO **,BOLSA X 25,,,,
302,CARBONATO DE SODIO LIVIANO/SODA SOLWAY Bolsa x 25 Kg**,BOLSA X 25,,,,
303,CARBONATO DE SODIO LIVIANO/SODA SOLWAY Fraccionado **,FRACCIONADO x 1 o 5 Kg,,,,
304,CARRAGENINA,BOLSA X 25,,,,
305,CARRO C/PRENSAMOPA 20 LTS C/DIVISION ´´ROYCO´´,ENVASE X UNIDAD,,,,
306,CASEINA LACTICA,BOLSA X 25,,,,
307,CEBO PARA CUCARACHAS GELTEK x 6,POR UNIDAD,,,,
308,CELULOSA MICROCRIST. PH 101,BOLSA X 25,,,,
309,CELULOSA MICROCRIST. PH 102,BOLSA X 25,,,,
310,CELULOSA MICROCRISTALINA PH 200,BOLSA X 25,,,,
311,CENTRIFUGA ESCURRIDORA,ENVASE X UNIDAD,,,,
312,CEPILLO ANDEN DE CERDA x 100 cm,ENVASE X UNIDAD,,,,
313,CEPILLO ANDEN DE CERDA x 50 cm,ENVASE X UNIDAD,,,,
314,CEPILLO ANDEN DE CERDA x 60 cm,ENVASE X UNIDAD,,,,
315,CEPILLO ANDEN DE CERDA x 80 cm,ENVASE X UNIDAD,,,,
316,CEPILLO ANDEN PVC x 100 cm,ENVASE X UNIDAD,,,,
317,CEPILLO ANDEN PVC x 40 cm,ENVASE X UNIDAD,,,,
318,CEPILLO ANDEN PVC x 60 cm,ENVASE X UNIDAD,,,,
319,CEPILLO ANDEN PVC x 80 cm,ENVASE X UNIDAD,,,,
320,CEPILLO DE MANO GRIP FIORENTINA,ENVASE X UNIDAD,,,,
321,CEPILLO DE MANO PLANCHITA,UNIDAD,,,,
322,CEPILLO DE PISO SG,UNIDAD,,,,
323,CEPILLO DE UÑA,UNIDAD,,,,
324,CEPILLO LAVA CAMION C/ROSCA SALZANO,UNIDAD,,,,
325,CEPILLO LAVA COCHE HIDRO SALZANO,POR UNIDAD,,,,
326,CEPILLO LAVA COCHE VIOLIN SALZANO,POR UNIDAD,,,,
327,CEPILLO LAVA INODOROS,UNIDAD,,,,
328,CEPILLO LAVA INODOROS CON BASE,UNIDAD,,,,
329,CEPILLO LAVA ZAPATILLAS,UNIDAD,,,,
330,CEPILLO LIMPIA TECHO,UNIDAD,,,,
331,CEPILLO PARA ESPALDA,UNIDAD,,,,
332,CEPILLO PARA PISO 45° PELO CORTO,ENVASE X UNIDAD,,,,
333,CEPILLO PARRILLERO DE PAJA C/CABO,UNIDAD,,,,
334,CEPILLO PARRILLERO DE PAJA SIN CABO,UNIDAD,,,,
335,CERA AMARILLA DE ABEJAS Bolsa x 20 Kg,BOLSA x 20 Kg,,,,
336,CERA AMARILLA DE ABEJAS Fraccionado,FRACCIONADO x 1 o 5 Kg,,,,
337,CERA AUTO BRILLO CERAMICOL Doy Pack x 500 mL,ENVASE X 500 CC,,,,
338,CERA AUTOBRILLO BLEM  Botella x 900 mL,BOTELLA X 900 mL,,,,
339,CERA AUTOBRILLO BLEM  Doy Pack x 500 mL,ENVASE X 500 CC,,,,
340,CERA AUTOBRILLO CERAMICOL INCOLORO Botella x 900 mL,BOTELLA X 900 mL,,,,
341,CERA AUTOBRILLO INCOLORA,BIDON X 5,,,,
342,CERA AUTOBRILLO INCOLORA,BIDON X 20,,,,
343,CERA AUTOBRILLO INCOLORA Bidon x 5 Lt,BIDON X 5,,,,
344,CERA AUTOBRILLO INCOLORA BLEM Botella x 900 mL,ENVASE X 900 CC,,,,
345,CERA AUTOBRILLO INCOLORA Botella x 1 Lt,ENVASE X 1 Lt,,,,
346,CERA AUTOBRILLO NEGRA,BIDON X 5,,,,
347,CERA AUTOBRILLO NEGRA,BIDON X 20,,,,
348,CERA AUTOBRILLO NEGRA Bidon x 5 Lt,BIDON X 5,,,,
349,CERA AUTOBRILLO NEGRA BLEM Botella x 900 mL,ENVASE X 900 CC,,,,
350,CERA AUTOBRILLO NEGRA Botella x 1 Lt,ENVASE X 1 Lt,,,,
351,CERA AUTOBRILLO REVOLUTION BLEM Botella x 900 mL,ENVASE X 900 CC,,,,
352,CERA AUTOBRILLO REVOLUTION BLEM Doy Pack x 450 mL,DOY PACK 450,,,,
353,CERA AUTOBRILLO ROJA,BIDON X 5,,,,
354,CERA AUTOBRILLO ROJA,BIDON X 20,,,,
355,CERA AUTOBRILLO ROJA Bidon x 5 Lt,BIDON X 5,,,,
356,CERA AUTOBRILLO ROJA BLEM,ENVASE X 900 CC,,,,
357,CERA AUTOBRILLO ROJA Botella x 1 Lt,ENVASE X 1 Lt,,,,
358,CERA AUTOBRILLO TIPO ECHO,BIDON X 5,,,,
359,CERA AUTOBRILLO TIPO ECHO,BIDON X 20,,,,
360,CERA BLANCA DE ABEJAS Bolsa x 20 Kg,BOLSA x 20 Kg,,,,
361,CERA BLANCA DE ABEJAS Fraccionado,FRACCIONADO x 1 o 5 Kg,,,,
362,CERA BLEM ACRILICO AUTOBRILLO BLEM Botella x 1L,ENVASE X 900 CC,,,,
363,CERA CARNAUBA FLOR Nª 1,BOLSA X 25,,,,
364,CERA CURADOR AUTOBRILLO INCOLORA,BIDON X 5,,,,
365,CERA CURADOR AUTOBRILLO INCOLORA,BIDON X 20,,,,
366,CERA CURADOR AUTOBRILLO TIPO ECHO (ROJA Y NEGRA),BIDON X 20,,,,
367,"CERA CURADOR TIPO ECHO, NEGRA, ROJA",BIDON X 5,,,,
368,CERA EN PASTA SUIZA,ENVASE X 400 CC,,,,
369,CERA EN PASTA SUIZA X 720 cc,UNIDAD,,,,
370,CERA EXTRA NATURAL QUALI BEST x 5 Lt,BIDON X 5,,,,
371,CERA EXTRA NEGRA QUALI BEST x 5 Lt,BIDON X 5,,,,
372,CERA GLOCOT MADERA  C/SILICONA Botella x 1L,BOTELLA X 900 mL,,,,
373,CERA LANETTE SX,BOLSA X 15,,,,
374,CERA LIQUIDA AL SOLVENTE SUIZA,ENVASE X 450 CC,,,,
375,CERA LIQUIDA SUIZA P/MADERA Botella x 900 mL,BOTELLA X 900 mL,,,,
376,CERA NO IONICA,BOLSA X 20,,,,
377,CERA PARA AUTO 3M Pulverizador x 473 mL,ENVASE X 473 mL,,,,
378,CERA PARA MADERA AL SOLVENTE BLEM ROBLE CLARO Botella x 900 mL,NA,,,,
379,CERA PARA MADERA AL SOLVENTE BLEM ROBLE OSCURO Botella x 900 mL,ENVASE X 900 CC,,,,
380,CERA PARA MADERA AL SOLVENTE BLEM UNIV. Botella x 900 Ml,ENVASE X 900 CC,,,,
381,CERA PARA PISOS ECHO LISTO,ENVASE X 900 CC,,,,
382,CERA TIPO ECHO Bidon x 5 Lt,BIDON X 5,,,,
383,CERA TIPO ECHO Botella x 1 Lt,ENVASE X 1 Lt,,,,
384,CESTO CALADO RECTANGULAR,ENVASE X UNIDAD,,,,
385,CESTO CALADO REDONDO,ENVASE X UNIDAD,,,,
386,CETRIMIDE,CUÑETE X 25,,,,
387,CIANURO DE SODIO,CUÑETE X 50,,,,
388,CICLAMATO DE SODIO,BOLSA X 25,,,,
389,CICLOHEXANONA,TAMBOR X 200,,,,
390,CICLOMETICONA VOLATIL,BIDON X 30,,,,
391,CIF  OXY-GEL  PISOS,ENVASE X UNIDAD,,,,
392,CIF  OXY-GEL  PISOS 2Litros,ENVASE X UNIDAD,,,,
393,CIF  PISOS PLASTIFICADOS,ENVASE X UNIDAD,,,,
394,CIF ANTIGRASA REP. ECONOMICO X 450 mL,ENVASE X 500 CC,,,,
395,CIF ANTIGRASA REP. ECONOMICO X 500 mL,ENVASE X 500 CC,,,,
396,CIF BAÑO DOY PACK,ENVASE X 900 CC,,,,
397,CIF BAÑO REP ECONOMICO X 450 mL,ENVASE X 500 CC,,,,
398,CIF LIMPIA INODOROS CON PEROXIDO x 500 mL,ENVASE X 500 CC,,,,
399,CIF LIMPIA VIDRIOS REP ECONOMICO  x 500 mL,ENVASE X 500 CC,,,,
400,CIF PACK CAJA PLASTICA,UNIDAD,,,,
401,CIF PACK CIF OXIGEL + ULTRA,UNIDAD,,,,
402,CITRAL 98,BIDON X 30,,,,
403,CITRATO DE HIERRO AMONIACAL,CUÑETE X 25,,,,
404,CITRATO DE POTASIO ALIMENTICIO,BOLSA X 25,,,,
405,CITRATO TRISODICO ANHIDRO USP,BOLSA X 25,,,,
406,CITRATO TRISODICO DIHIDRATO USP,BOLSA X 25,,,,
407,CITRONELOL,TAMBOR X 200,,,,
408,CITROXAN ACEITE DE CITRONELLA x 1000 mL,ENVASE X 1 Lt,,,,
409,CITROXAN ACEITE DE CITRONELLA x 500 mL,ENVASE X 500 mL,,,,
410,CLARIFICADOR 1:250.000 Bidon x 5 Lt,BIDON X 5,,,,
411,CLARIFICADOR 1:250.000 Botella x 1 Lt,ENVASE X 1 Lt,,,,
412,CLORATO DE SODIO,BOLSA X 25,,,,
413,CLORITO DE SODIO AL 30%,TAMBOR X 250,,,,
414,CLORITO DE SODIO AL 80%,CUÑETE X 50,,,,
415,CLORO BIDON X 3,BIDON X 3,T,2019-11-01,,
416,CLORO BIDON X 5,BIDON X 5,T,2019-11-01,,
417,CLOROFILA CUPRO SODICA,CAJA X 1,,,,
418,CLOROFILA LIPOFILICA,POTE X 1,,,,
419,CLOROFORMO TECNICO,TAMBOR X 300,,,,
420,CLORURO CUPRICO PURO,NA,,,,
421,CLORURO DE AMONIO,BOLSA X 25,,,,
422,CLORURO DE BENZALCONIO 80% Fraccionado,FRACC. x 1 x 5 o x 20 Kg,,,,
423,CLORURO DE BENZALCONIO 80% Tambor x 190 Kg,TAMBOR X 190,,,,
424,CLORURO DE CALCIO ESCAMAS Fraccionado,FRACCIONADO X 1 o 5 Kg,,,,
425,CLORURO DE CALCIO ESCAMAS TEC. Bolsa x 25 Kg,BOLSA X 25,,,,
426,CLORURO DE CETIL TRIMETILAMONIO 25%,TAMBOR X 200,,,,
427,CLORURO DE CETIL TRIMETILAMONIO 50%,TAMBOR X 175,,,,
428,CLORURO DE CINC,BOLSA X 25,,,,
429,CLORURO DE COBALTO,CAJA X 5 Kg,,,,
430,CLORURO DE DIALQUIL DIMETILAMONIO 50%,TAMBOR X 190,,,,
431,CLORURO DE MAGNESIO,BOLSA X 25,,,,
432,CLORURO DE METILENO **,TAMBOR X 270 Kg,,,,
433,CLORURO DE POTASIO,BOLSA X 25,,,,
434,CLORURO DE SODIO ENTREFINO PURIFICADO Y SECO Bolsa x 25 Kg,BOLSA X 25,,,,
435,CLORURO DE SODIO FINO PURIFICADO Y SECO Bolsa x 25 Kg,BOLSA X 25,,,,
436,CLORURO DE SODIO FINO PURIFICADO Y SECO Bolsa x 50 Kg,BOLSA X 50,,,,
437,CLORURO DE SODIO GRUESO COMUN Bolsa x 50 Kg,BOLSA X 50,,,,
438,CLORURO DE TRIMETIL CETIL AMONIO,TAMBOR X 180,,,,
439,CMC CARBOXIMETIL CELULOSA ALTA VISCOSIDAD Bolsa x 25 Kg,BOLSA X 25,,,,
440,CMC CARBOXIMETIL CELULOSA ALTA VISCOSIDAD Fraccionado,FRACCIONADO x 1 o 5 Kg,,,,
441,CMC CARBOXIMETIL CELULOSA MEDIA VISCOSIDAD Bolsa x 25 Kg,BOLSA X 25,,,,
442,CMC CARBOXIMETIL CELULOSA MEDIA VISCOSIDAD Fraccionado,FRACCIONADO x 1 o 5 Kg,,,,
443,COCO AMIDO PROPIL BETAINA AL 30%,TAMBOR X 230,,,,
444,COLORANTE HIDROS. AMARILLO 2% Botella x 1 Lt,BOTELLA X 1,,,,
445,COLORANTE HIDROS. AZUL 2% Botella x 1 Lt,ENVASE X 1 Lt,,,,
446,COLORANTE HIDROS. NARANJA 2% Botella x 1 Lt,BOTELLA X 1,,,,
447,COLORANTE HIDROS. ROJO 2% Botella x 1 Lt,BOTELLA X 1,,,,
448,COLORANTE HIDROS. VERDE 2% Botella x 1 Lt,BOTELLA X 1,,,,
449,COLORANTE HIDROS. VIOLETA 2% Botella x 1 Lt,BOTELLA X 1,,,,
450,CREMA ENJUAGUE CON GARR.,ENVASE X 1,,,,
451,CUARZO MALLA 120,BOLSA X 40 Kg,,,,
452,CUCARACHICIDA CEBOS  BAYGON,ENVASE X 4 UNIDADES,,,,
453,CUCHARINES x 2 Unidades,ENVASE X UNIDAD,,,,
454,CUMARINA,CUÑETE X 25,,,,
455,CURADOR CEMENTO ALISADO SUIZA x900ml,BOTELLA X 1,,,,
456,CURADOR INCOLORO Bidon x 20 Lt,ENVASE x 20 Lt,,,,
457,CURADOR INCOLORO Bidon x 5 Lt,ENVASE X 5 LT,,,,
458,CURADOR INCOLORO Botella x 1 Lt,ENVASE X 1 Lt,,,,
459,CURADOR NEGRO Bidon x 5 Lt,ENVASE X 5 LT,,,,
460,CURADOR NEGRO Botella x 1 Lt,ENVASE X 1 Lt,,,,
461,CURADOR PARA PISOS INCOLORO CLINSY x 900ml,ENVASE X 1 Lt,,,,
462,CURADOR PARA PISOS INCOLORO PENETRIT,BOTELLA X 1,,,,
463,CURADOR PARA PISOS NEGRO CLINSY,ENVASE X 900 CC,,,,
464,CURADOR PARA PISOS NEGRO PENETRIT,BOTELLA X 1,,,,
465,CURADOR PARA PISOS ROJO CLINSY,ENVASE X 900 CC,,,,
466,CURADOR PARA PISOS ROJO PENETRYL,BOTELLA X 1,,,,
467,CURADOR ROJO Bidon x 5 Lt,ENVASE X 5 LT,,,,
468,CURADOR ROJO Botella x 1 Lt,BOTELLA X 1,,,,
469,"CYGON 1,5 CEBO MATABABOSAS x 200 gr",ENVASE X 200 gr,,,,
470,DBP / DIBUTILFTALATO,TAMBOR X 200,,,,
471,DEP / DIETILFTALATO,TAMBOR X 235,,,,
472,DERRIBANTE MANCHESTER,ENVASE X 250 CC,,,,
473,DERRIBANTE TOTAL CONC. x 1 Lt (Dilic. 1+100),ENVASE X 1 Lt,,,,
474,DERRIBANTE TOTAL CONC. x 100 mL ( Para 5 Lt),ENVASE X 100 mL,,,,
475,DERRIBANTE TOTAL CONC. x 250 mL  (Para 10 Lt),ENVASE X 250 mL,,,,
476,DERRIBANTE TOTAL CONC. x 5 Lt (Dilic. 1+100),BIDON X 5,,,,
477,DERRIBANTE TOTAL CONC. x 500 mL (Para 20 Lt),ENVASE X 500 mL,,,,
478,DERRIBANTE TOTAL DAARGUS (1LT EN 100),ENVASE X 1 Lt,,,,
479,DERRIBANTE TOTAL Listo Para Usar Pulver. x 1 Lt,PULVERIZADOR X 1 Lt,,,,
480,DESENGRASANTE ACTIVA PLUS (1+5)  Bidon x  5 Lt,ENVASE X 5 LT,,,,
481,DESENGRASANTE ACTIVA PLUS (1+5)  Bidon x  6 Lt,BIDON x 6 Lt,,,,
482,DESENGRASANTE ACTIVA PLUS (1+5) Botella x 1 Lt,ENVASE X 1 Lt,,,,
483,DESENGRASANTE ACTIVA PLUS Pulverizador x 500 mL,ENVASE X 500 CC,,,,
484,DESENGRASANTE INDUSTRIAL PLUS Bidon  x 5 Lt,BIDON X 5,,,,
485,DESENGRASANTE INDUSTRIAL PLUS Bindon x 20 Lt,BIDON X 20,,,,
486,DESENGRASANTE INDUSTRIAL PLUS Botella x 1 Lt,ENVASE X 1 Lt,,,,
487,DESENGRASANTE LIMPIA MOTOR Bidon x 20 Lt,BIDON X 20,,,,
488,DESENGRASANTE LIMPIA MOTOR Bidon x 5 Lt,BIDON X 5,,,,
489,DESENGRASANTE LIMPIA MOTOR Bidon x 6 Lt,BIDON x 6 Lt,,,,
490,DESENGRASANTE LIMPIA MOTOR Botella x 1 Lt,ENVASE X 1,,,,
491,DESENGRASANTE MULTIUSO Bidon x 20 Lt,BIDON X 20,,,,
492,DESENGRASANTE MULTIUSO Bidon x 5 Lt,BIDON X 5,,,,
493,DESENGRASANTE MULTIUSO Botella x 1 Lt,ENVASE X 1 Lt,,,,
494,DESENGRASANTE NARANJA CONCENTRADO (1+ 20) Botella x 1 Lt,ENVASE X 1 Lt,,,,
495,DESENGRASANTE NARANJA LISTO PARA USAR Bidon x 5 Lt,BIDON X 5,,,,
496,DESENGRASANTE NARANJA LISTO PARA USAR Botella x 1 Lt,ENVASE X 1 Lt,,,,
497,DESENGRASANTE ULTRA BIDON X 3,BIDON X 3,T,2019-11-01,,
498,DESENGRASANTE ULTRA BIDON X 5,BIDON X 5,T,2019-11-01,,
499,DESINFECTANTE DE PISO LISTO PARA USAR,BIDON X 5,,,,
500,DESINFECTANTE DE PISO LISTO PARA USAR,BIDON X 20,,,,
501,DESINFECTANTE PARA PISO BIDON X 3,BIDON X 3,,,,
502,DESINFECTANTE PARA PISO BIDON X 5,BIDON X 5,,,,
503,DESINFECTANTE PISOS ARPEGE BIDON X 3,BIDON X 3 LT,T,2019-11-01,,
504,DESINFECTANTE PISOS ARPEGE BIDON X 5,BIDON X 5 LT,T,2019-11-01,,
505,DESINFECTANTE PISOS ARPEGE BOTELLA X 1,BOTELLA X 1 LT,T,2019-11-01,,
506,DESINFECTANTE PISOS BASE (1 + 40) CHERRY,BOTELLA X 1 LT,,,,
507,DESINFECTANTE PISOS BASE (1 + 40) CITRONELLA,BOTELLA X 1 LT,,,,
508,DESINFECTANTE PISOS BASE (1 + 40) LAVANDA,BOTELLA X 1 LT,,,,
509,DESINFECTANTE PISOS BASE (1 + 40) LIMON,BOTELLA X 1 LT,,,,
510,DESINFECTANTE PISOS BASE (1 + 40) LISOFORM,BOTELLA X 1 LT,,,,
511,DESINFECTANTE PISOS BASE (1 + 40) PINO,BOTELLA X 1 LT,,,,
512,DESINFECTANTE PISOS CITRONELLA BIDON X 3,BIDON X 3 LT,T,2019-11-01,,
513,DESINFECTANTE PISOS CITRONELLA BIDON X 5,BIDON X 5 LT,T,2019-11-01,,
514,DESINFECTANTE PISOS CITRONELLA BOTELLA X 1,BOTELLA X 1 LT,T,2019-11-01,,
515,DESINFECTANTE PISOS COCO VAINILLA BIDON X 3,BIDON X 3 LT,T,2019-11-01,,
516,DESINFECTANTE PISOS COCO VAINILLA BIDON X 5,BIDON X 5 LT,T,2019-11-01,,
517,DESINFECTANTE PISOS COCO VAINILLA BOTELLA X 1,BOTELLA X 1 LT,T,2019-11-01,,
518,DESINFECTANTE PISOS LAVANDA BIDON X 3,BIDON X 3 LT,T,2019-11-01,,
519,DESINFECTANTE PISOS LAVANDA BIDON X 5,BIDON X 5 LT,T,2019-11-01,,
520,DESINFECTANTE PISOS LAVANDA BOTELLA X 1,BOTELLA X 1 LT,T,2019-11-01,,
521,DESMOLDANTE SILICONADO AEROSOL,ENVASE X 360 gr,,,,
522,DESODORANTE AMBIENTE AIR WICH ACQUA Aerosol x 360 mL,AEROSOL 360 CC,,,,
523,DESODORANTE AMBIENTE AIR WICH BEBE Aerosol x 360 mL,AEROSOL 360 CC,,,,
524,DESODORANTE AMBIENTE AIR WICH LAVANDA  Aerosol x 360 mL,AEROSOL 360 CC,,,,
525,DESODORANTE AMBIENTE AIR WICH ROSA Y M Aerosol x 360 mL,AEROSOL 360 CC,,,,
526,DESODORANTE CONC. P/ PISOS Bidon x 5 Lt,BIDON X 5,,,,
527,DESODORANTE CONC. P/ PISOS Botella x 1000 mL,ENVASE X 1 Lt,,,,
528,DESODORANTE CONC. P/ PISOS Botella x 80 mL (P/5 Lt),ENVASE X 80 mL,,,,
529,DESODORANTE DE AMBIENTES GLADE,1 u,,,,
530,DESODORANTE GLADE ANTI TABACO Aerosol x 360 mL,AEROSOL 360 CC,,,,
531,DESODORANTE GLADE BRISA DE LAS CUMB. Aerosol x 360 mL,AEROSOL 360 CC,,,,
532,DESODORANTE GLADE CALIDEZ DEL HOGAR Aerosol x 360 mL,AEROSOL 360 CC,,,,
533,DESODORANTE GLADE CAMPOS JAZMIN Aerosol x 360 mL,AEROSOL 360 CC,,,,
534,DESODORANTE GLADE CAMPOS LAVANDA Aerosol x 360 mL,AEROSOL 360 CC,,,,
535,DESODORANTE GLADE CARICIAS DE ALGODON Aerosol x 360 mL,AEROSOL 360 CC,,,,
536,DESODORANTE GLADE CARICIAS DE BEBE Aerosol x 360 mL,AEROSOL 360 CC,,,,
537,DESODORANTE GLADE FLORAL PROTECION Aerosol x 360 mL,AEROSOL 360 CC,,,,
538,DESODORANTE GLADE HARMONY Aerosol x 360 mL,AEROSOL 360 CC,,,,
539,DESODORANTE GLADE I LOVE YOU Aerosol x 360 mL,AEROSOL 360 CC,,,,
540,DESODORANTE GLADE NARANJA Aerosol x 360 mL,AEROSOL 360 CC,,,,
541,DESODORANTE GLADE PARAISO AZUL Aerosol x 360 mL,AEROSOL 360 CC,,,,
542,DESODORANTE GLADE POTPOURRÍ Aerosol x 360 mL,AEROSOL 360 CC,,,,
543,DESODORANTE GLADE SPA  Aerosol x 360 mL,AEROSOL 360 CC,,,,
544,DESODORANTE GLADE TE VERDE  Aerosol x 360 mL,AEROSOL 360 CC,,,,
545,DESODORANTE GLADE VAINILLA  Aerosol x 360 mL,AEROSOL 360 CC,,,,
546,DESODORANTE PARA  PISOS Listo para usar Bidon x 5 Lt,ENVASE X 5 LT,,,,
547,DESODORANTE PARA PISOS MR MUSCULO Bidon x 4 Lt,BIDON x 4 Lt,,,,
548,DESODORANTE PARA PISOS MR MUSCULO Botella x 900 mL,ENVASE X 900 CC,,,,
549,DESODORANTE PARA PISOS PROCENEX  ORIGINAL Botella x 900 mL,ENVASE X 900 CC,,,,
550,DESODORANTE PARA PISOS PROCENEX Botella x 4L,ENVASE X 900 CC,,,,
551,DESODORANTE PARA PISOS PROCENEX Botella x 5L,ENVASE X 900 CC,,,,
552,DESODORANTE PARA PISOS PROCENEX BRISA DEL BOSQUE Botella x 900 mL,ENVASE X 900 CC,,,,
553,DESODORANTE PARA PISOS PROCENEX TROPICAL Botella x 900 mL,ENVASE X 900 CC,,,,
554,DESTAPA CAÑERIAS AX6 Botella x 1 Lt,ENVASE X 1,,,,
555,DESTAPA CAÑERIAS Bidón x 5 Lt,BIDON X 5,,,,
556,DESTAPA CAÑERIAS Botella x 1 Lt,ENVASE X 1,,,,
557,DESTAPA CAÑERIAS SCHEZ Botella x 1 Lt,ENVASE X 1,,,,
558,DESTAPA CIEGOS SCHEZ,BOTELLA X 1 Lt,,,,
559,DESTAPA POZO CIEGOS BIOCLIN X 70GR,ENVASE X 70 GS,,,,
560,DESTAPA POZO CIEGOS DESTAPOZ,ENVASE X 450 CC,,,,
561,DET-DIS DISPERSANTE TEXTIL,FRACCIONADO x 5 x 20 x 200,,,,
562,DETERGENTE ACTIVA PLUS LIMON Bidon x 20 Lt,BIDON X 20,,,,
563,DETERGENTE ACTIVA PLUS LIMON Bidon x 5 Lt,BIDON X 5,,,,
564,DETERGENTE ACTIVA PLUS LIMON Botella x 375 mL,ENVASE X 375 mL,,,,
565,DETERGENTE ACTIVA PLUS LIMON Granel,NO INCLUYE ENVASE NI FLETE,,,,
566,DETERGENTE ALA Cremoso Botella x 750 mL,ENVASE X 750 CC,,,,
567,DETERGENTE ALA ULTRA Botella x 750 mL,ENVASE X 750 CC,,,,
568,DETERGENTE ALCALINO Bidon x 20 Lt,BIDON X 20,,,,
569,DETERGENTE ALCALINO Bidon x 5 Lt,BIDON X 5,,,,
570,DETERGENTE BIDON X 20,BIDON X 20,,,,
571,DETERGENTE BIDON X 3,BIDON X 3,T,2019-11-01,,
572,DETERGENTE BIDON X 5,BIDON X 5,T,2019-11-01,,
573,DETERGENTE BIODEGRADABLE 15 %  Bidon x 20 Lt,BIDON X 20,,,,
574,DETERGENTE BIODEGRADABLE 15 %  Bidon x 5 Lt,ENVASE X 5 LT,,,,
575,DETERGENTE BIODEGRADABLE 15 %  Granel,NO INCLUYE ENVASE NI FLETE,,,,
576,DETERGENTE BIODEGRADABLE 15 %  LAVAVAJILLA x 750 mL,ENVASE X 750,,,,
577,DETERGENTE BIODEGRADABLE 30% Bidon x 23 Kg,BIDON X 23 Kg,,,,
578,DETERGENTE BIODEGRADABLE 30% Bidon x 5 Lt,ENVASE X 5 LT,,,,
579,DETERGENTE BIODEGRADABLE 30% Granel,NO INCLUYE ENVASE NI FLETE,,,,
580,DETERGENTE CIF ACTIVE GEL Botella x 300 mL,ENVASE X 300 mL,,,,
581,DETERGENTE CIF ACTIVE GEL Botella x 600 mL,ENVASE X 600 mL,,,,
582,DEXTRINA AMARILLA,BOLSA X 25,,,,
583,DIATOMEA  BLANCA M. 325,BOLSA X 20,,,,
584,DICIANDIAMIDA,BOLSA X 25,,,,
585,DIETANOLAMIDA DE ACIDO GRASOS DE COCO,TAMBOR X 180,,,,
586,DIETANOLAMINA 99%,TAMBOR X 200,,,,
587,DIETILENGLICOL Tambor x 225 Kg,TAMBOR X 225 Kg,,,,
588,DIFUSOR AROMATIZADOR 100 ml + CAÑA BAMBUCompleto,ENVASE X 100 mL,,,,
589,DIHIDROMIRCENOL,BIDON X 25,,,,
590,DILUYENTE A/ACETONA Fraccionado*,FRACC. x 1 x 5 x 20 Lt,,,,
591,DILUYENTE A/ACETONA Tambor x200 Lt*,TAMBOR X 200,,,,
592,DILUYENTE THINNER,TAMBOR X 200,,,,
593,DIMETIL PROPILAMINA,TAMBOR X 165,,,,
594,DIMETIL SULFOXIDO,BIDON X 10,,,,
595,DIMETILFORMAMIDA Fraccionado,FRACC. x 1 x 5 o x 20 Kg,,,,
596,DIMETILFORMAMIDA Tambor x 190 Kg,TAMBOR X 190,,,,
597,DIOCTILSULFOSUCCINATO DE SODIO,TAMBOR X 140,,,,
598,DIOXIDO DE SILICIO ( ZEOSIL ),BOLSA X 25,,,,
599,DIOXIDO DE SILICIO PIROGENIC0 (AEROSIL 200),BOLSA X 10,,,,
600,DIOXIDO DE SILICIO PIROGENICO (CANOSIL 200),BOLSA X 10,,,,
601,DIOXIDO DE SILICIO PIROGENICO (WACKER HDK N20),BOLSA X 10,,,,
602,DIOXIDO DE TITANIO ANATASE,BOLSA X 25,,,,
603,DIOXIDO DE TITANIO RUTILO,BOLSA X 25,,,,
604,DIPENTENO,TAMBOR X 200,,,,
605,DIPROPILENGLICOL,TAMBOR X 230,,,,
606,DISGREGANTE PARA INODOROS QUIMICOS Bidon x 5 Lt,BIDON X 5,,,,
607,DISGREGANTE PARA INODOROS QUIMICOS Botella x 1 Lt,BOTELLA X 1,,,,
608,DISPENSER PARA JABON LIQUIDO,ENVASE X UNIDAD,,,,
609,DISPENSER PARA PAPEL HIGIENICO,ENVASE X UNIDAD,,,,
610,DISPENSER PARA TOALLAS DE PAPEL INTERCALADO,ENVASE X UNIDAD,,,,
611,DOP / DIOCTILFTALATO,TAMBOR X 200,,,,
612,DOWANOL PM,TAMBOR X 190,,,,
613,ECHO LIMPIADOR Botella x 900 mL,ENVASE X 900 CC,,,,
614,ECHO LIMPIADOR Doy Pack 450 mL,ENVASE X 45O CC,,,,
615,ECTHOL 5 Accion Prolongada  x 120 mL,ENVASE X 120 ML,,,,
616,ECTHOL 5 Accion Prolongada x 70 mL,ENVASE x 70 mL,,,,
617,ECTHOL AMBIENTAL x 100 mL,ENVASE X 100  CC,,,,
618,EDETATO CALCICO CUPRICO,BOLSA X 25,,,,
619,EDTA DISODICO POLVO Bolsa x 25 Kg,BOLSA X 25,,,,
620,EDTA DISODICO POLVO Fraccionado,FRACCIONADO x 1 o 5 Kg,,,,
621,EDTA SOLUCION 39 % Tambor x 250 Kg,TAMBOR X 250,,,,
622,EDTA TETRASODICO POLVO Bolsa x 25 Kg,BOLSA X 25,,,,
623,EDTA TETRASODICO POLVO Fraccionado,FRACCIONADO x 1 o 5 Kg,,,,
624,ELIMINA OLORES QUALI BEST x 500cc,BIDON X 5,,,,
625,EMBUDO CHICO,ENVASE X UNIDAD,,,,
626,EMBUDO FLEXIBLE,ENVASE X UNIDAD,,,,
627,EMBUDO GRANDE,ENVASE X UNIDAD,,,,
628,EMBUDO MEDIANO,ENVASE X UNIDAD,,,,
629,EMBUDO Nº13,ENVASE X UNIDAD,,,,
630,EMBUDO Nº17,ENVASE X UNIDAD,,,,
631,EMBUDO Nº20,ENVASE X UNIDAD,,,,
632,EMBUDO Nº8,ENVASE X UNIDAD,,,,
633,EMULSION ACRILICO A20 ACRYPOL x 5 Lt,BIDON X 5,,,,
634,EMULSION DE SILICONA Bidon x 5 Lt,BIDON X 5,,,,
635,EMULSION DE SILICONA Botella x 1000 mL,ENVASE X 1,,,,
636,EMULSION DE SILICONA Botella x 250 mL,ENVASE X 250 mL,,,,
637,EMULSION DE SILICONA Botella x 500 mL,ENVASE X 500 mL,,,,
638,EMULSION DE SILICONA PERFUMADA Botella x 250 mL,ENVASE X 250 mL,,,,
639,ENSALADERA Nº 4 23cm DIÁMETRO,ENVASE X UNIDAD,,,,
640,ERITORBATO DE SODIO,BOLSA X 25,,,,
641,ESCOBA DE PAJA  GALPONERA,ENVASE X UNIDAD,,,,
642,ESCOBA DE PAJA CAPUCHON,ENVASE X UNIDAD,,,,
643,ESCOBA DE PAJA CHICA,ENVASE X UNIDAD,,,,
644,ESCOBA DE PAJA GHINEA 6 HILOS,ENVASE X UNIDAD,,,,
645,ESCOBA DE PAJA LA GRINGA 5 HILOS,ENVASE X UNIDAD,,,,
646,ESCOBA PELO LARGO BARRENDERO,UNIDAD,,,,
647,ESCOBA PLASTICA HORUS SG 1027,UNIDAD,,,,
648,ESCOBA PLASTICA ROMA,ENVASE X UNIDAD,,,,
649,ESCOBA SAMANTHA RINCONERA,UNIDAD,,,,
650,ESCOBA SAMANTHA SOPHIA,UNIDAD,,,,
651,ESCOBA TIPO BARRENDERO,UNIDAD,,,,
652,ESCOBA VIRULANA EXTERIOR,UNIDAD,,,,
653,ESCOBA VIRULANA MULTIUSO,UNIDAD,,,,
654,ESCOBILLA ESFERICA PARA BAÑOS SIN BASE WC,ENVASE X UNIDAD,,,,
655,ESCOBILLA INODORO CON DEPOSITO,1 u,,,,
656,ESCOBILLA INODORO SIMPLE,1 u,,,,
657,ESCOBILLA LIMPIA TECHOS,1 u,,,,
658,ESCOBILLA PARA BAÑOS CON BASE RINCONERA FIORENTINA,ENVASE X UNIDAD,,,,
659,ESCOBILLA PARA BAÑOS CON BASE WV,ENVASE X UNIDAD,,,,
660,ESCOBILLON  MARTINA SALZANO,UNIDAD,,,,
661,ESCOBILLON 6 HILERAS RINA,UNIDAD,,,,
662,ESCOBILLON ALFOMBRA VIRULANA,UNIDAD,,,,
663,ESCOBILLON ANDEN X 1 MTR POR UNIDAD,1 u,,,,
664,ESCOBILLON ANDEN X 60 CM POR UNIDAD,1 u,,,,
665,ESCOBILLON ANDEN X 80 CM POR UNIDAD,1 u,,,,
666,ESCOBILLON ANUBIS SG,UNIDAD,,,,
667,ESCOBILLON APACHE TRIPLE HILERA POR UNIDA,1 u,,,,
668,ESCOBILLON BARNIZADO DE LUXE SG 1059,UNIDAD,,,,
669,ESCOBILLON BARNIZADO SG 1004,UNIDAD,,,,
670,ESCOBILLON BARRENDERO BARREGRUESO,ENVASE X UNIDAD,,,,
671,ESCOBILLON BICOLOR SUPER SG 1060,UNIDAD,,,,
672,ESCOBILLON CERDA AGRA SG 1066,UNIDAD,,,,
673,ESCOBILLON CERDA BIGOTE SALZANO,UNIDAD,,,,
674,ESCOBILLON CERDA PLASTICA x 50 cm,UNIDAD,,,,
675,ESCOBILLON CERDA PLASTICA x 80 cm,UNIDAD,,,,
676,ESCOBILLON CLEOPATRA MARRON FIORENTINA,ENVASE X UNIDAD,,,,
677,ESCOBILLON CRISTAL,UNIDAD,,,,
678,ESCOBILLON FIORELA,UNIDAD,,,,
679,ESCOBILLON FLORENCIA SALZANO,UNIDAD,,,,
680,ESCOBILLON GIGANTE,UNIDAD,,,,
681,ESCOBILLON HECHICERA,UNIDAD,,,,
682,ESCOBILLON IMPERIO,UNIDAD,,,,
683,ESCOBILLON ITALIA SALZANO,UNIDAD,,,,
684,ESCOBILLON ITALY SAMANTHA,UNIDAD,,,,
685,ESCOBILLON KEOPS,UNIDAD,,,,
686,ESCOBILLON MORIA PUNTERA,UNIDAD,,,,
687,ESCOBILLON MULTIUSO VIRULANA,ENVASE X UNIDAD,,,,
688,ESCOBILLON NERON,UNIDAD,,,,
689,ESCOBILLON RANSES BICOLOR SG 1001,UNIDAD,,,,
690,ESCOBILLON SOPHIA SAMANTHA,UNIDAD,,,,
691,ESCOBILLON SUPER NAHUEL,UNIDAD,,,,
692,ESCOBILLON TIGRE,UNIDAD,,,,
693,ESCOBILLON VIRULANA EXTRA SUAVE,UNIDAD,,,,
694,ESCOBILLON VIRULANA RINCONES,UNIDAD,,,,
695,ESENCIA AQUA,FRACC. x 1 x 5 o x 20 Kg,,,,
696,ESENCIA DE CITRONELA,TAMBOR X 180,,,,
697,ESENCIA DE CONFOR CONFY,FRACCIONADO,,,,
698,ESENCIA DE FRAMBUESA,BIDON X 25,,,,
699,ESENCIA DE LAVANDA,FRACCIONADO,,,,
700,ESENCIA DE LIMON,FRACCIONADO,,,,
701,ESENCIA DE SANDIA PEPINO,FRACC. x 1 x 5 o x 20 Kg,,,,
702,ESENCIA DE VAINILLA,FRACCIONADO,,,,
703,ESENCIA P/DIFUSOR Bidon x 5 Lt,BIDON X 5,,,,
704,ESENCIA P/DIFUSOR x 1000 mL,ENVASE X 1,,,,
705,ESENCIA P/DIFUSOR x 250 mL,ENVASE X 250 mL,,,,
706,ESENCIA P/DIFUSOR x 500 mL,ENVASE x  500 mL,,,,
707,ESENCIA VIVERE,FRACCIONADO,,,,
708,ESENCIA WALLY,ENVASE X 1 Kg,,,,
709,ESPACIAL HORMIGUICIDA EN POLVO x 250 g,ENVASE X 250 gr,,,,
710,ESPACIAL RATICIDA BLOQUE x  500 g,POTE x 500 g,,,,
711,ESPADOL DESINFECTANTE DETTOL  FRESH. Aerosol x 360 gr,POR UNIDAD,,,,
712,ESPADOL DESINFECTANTE DETTOL  ORIG. Aerosol x 360 gr,POR UNIDAD,,,,
713,ESPONJA DE ACERO GRANDE SCHEZ,ENVASE X 30 gr,,,,
714,ESPONJA DE ACERO INOXY VIRULANA,ENVASE X UNIDAD,,,,
715,ESPONJA DORADA VIRULANA,ENVASE X UNIDAD,,,,
716,ESPONJA HEBRADORADA,ENVASE X UNIDAD,,,,
717,ESPONJA LAVAVAJILLAS CON SALVA UNAS,1 u,,,,
718,ESPONJA MULTIUSO VIRULANA,ENVASE X UNIDAD,,,,
719,ESPONJA PARA AUTO CHICA,ENVASE X  UNIDAD,,,,
720,ESPONJA PARA AUTO GRANDE,ENVASE X UNIDAD,,,,
721,ESPONJA PARA AUTO GRANDE ECONOMICA,ENVASE X UNIDAD,,,,
722,ESPONJA VIRULANA CHATITA DE BRONCE,ENVASE X UNIDAD,,,,
723,ESPONJA VIRULANA CUADRADITOS,ENVASE X UNIDAD,,,,
724,ESPONJA VIRULANA DE BRONCE x 16 gr,ENVASE X UNIDAD,,,,
725,ESPONJA VIRULANA LISA,ENVASE X UNIDAD,,,,
726,ESPONJA VIRULANA MULTIUSO,ENVASE X UNIDAD,,,,
727,ESPUMA ACTIVA (1:200 Lt),POTE X 1 Kg,,,,
728,ESTATICO 60CM,1 u,,,,
729,ESTATICO 80CM,1 u,,,,
730,ESTATICO POR UN METRO,1 u,,,,
731,ESTEARAMIDOPROPIL DIMETILAMINA,BOLSA X 25,,,,
732,ESTEARATO DE ALUMINIO,BOLSA X 18,,,,
733,ESTEARATO DE CALCIO,BOLSA x 20 Kg,,,,
734,ESTEARATO DE CINC USP,BOLSA X 15 Kg,,,,
735,ESTEARATO DE MAGNESIO USP,BOLSA X 20,,,,
736,ESTEARATO DE SODIO,BOLSA X 20,,,,
737,ESTEARATO DE SODIO USP,BOLSA X 20,,,,
738,ESTOPA,ENVASE X UNIDAD,,,,
739,ETANOLAMINA,TAMBOR X 200,,,,
740,ETIL VAINILLINA,CUÑETE X 25,,,,
741,ETILDIGLICOL,TAMBOR X 200,,,,
742,ETILENDIAMINA,TAMBOR X 200,,,,
743,ETILENGLICOL Fraccionado,FRACC. x 1 x 5 o x 20 Kg,,,,
744,ETILENGLICOL Tambor x 220 Kg,TAMBOR X 220,,,,
745,ETILGLICOL Fraccioando,FRACC. x 1 x 5 o x 20 Kg,,,,
746,ETILGLICOL Tambor x 190 Kg,TAMBOR X 190,,,,
747,EUCALIPTOL,BIDON X 5,,,,
748,EUGENOL,FRASCO X 10,,,,
749,EUTANOL G,BIDON X 17,,,,
750,EXTRACTO DE BLANCO,ENVASE X 200 GR,,,,
751,FENACETINA,CUÑETE X 25,,,,
752,FERTIFOX fFLORACION x 200 mL,ENVASE x 200 mL,,,,
753,FERTIFOX RAICES x 75G,ENVASE x 200 mL,,,,
754,FIBRA ABRASIVA VERDE 12x10 GRANDE,ENVASE X UNIDAD,,,,
755,FIBRA ABRASIVA VERDE 12x20 GRANDE,ENVASE X UNIDAD,,,,
756,FIBRA ABRASIVA VIRULANA,ENVASE X 2 UNIDADES,,,,
757,FINISH DETERGENTE EN POLVO POWDER X 2.5KG,ENVASE X 1 Kg,,,,
758,FINISH DETERGENTE EN POLVO POWER POWDER,ENVASE X 1 Kg,,,,
759,FITOREGULADOR x 30 gr MAMBORETA,ENVASE X 30 gr,,,,
760,FLUIDO DESINFECTANTE ACAROINA Bidon x 5 Lt,ENVASE X 5 LT,,,,
761,FLUIDO DESINFECTANTE ACAROINA Botella x 1 Lt,ENVASE X 1 Lt,,,,
762,FLUIDO DESINFECTANTE MANCHESTER x 350 mL,ENVASE  X 350 CC,,,,
763,FLUIDO DESINFECTANTE MANCHESTER x 700 mL,ENVASE X 700 CC,,,,
764,FLUIDO DESINFECTANTE TRIUNFO x 1000 mL,BOTELLA X 1 lt,,,,
765,FLUIDO DESINFECTANTE TRIUNFO X 500 mL,ENVASE X 500 mL,,,,
766,FLUIDO REVIVIDOR Bidòn x 5 Lt,BIDON X 5,,,,
767,FLUIDO REVIVIDOR Botella  x 250 mL,ENVASE X 250 mL,,,,
768,FLUIDO REVIVIDOR Botella x 1000 mL,ENVASE X 1,,,,
769,FLUIDO REVIVIDOR Botella x 500 mL,ENVASE X 500 mL,,,,
770,FLUORURO DE POTASIO,BOLSA X 25,,,,
771,FORMALINA EN PASTILLAS Cuñete x 25 Kg,CUÑETE x 25 Kg,,,,
772,FORMALINA EN PASTILLAS Fraccionado,FRACCIONADO x 1 o 5 Kg,,,,
773,FORMIATO DE CALCIO Bolsa x 25 Kg,BOLSA X 25,,,,
774,FORMOL 40% Bidon x 30 Kg,BIDON X 30,,,,
775,FORMOL 40% Fraccionado,FRACCIONADO x 1 o 5 Kg,,,,
776,FORMOL 40% Tambor x 200 Kg,TAMBOR X 200,,,,
777,FOSFATIZANTE ANTIOXIDANTE Bidon x 5 Lt,BIDON X 5,,,,
778,FOSFATIZANTE ANTIOXIDANTE Botella x 1 Lt,BOTELLA X 1 Lt,,,,
779,FOSFATO DIAMONICO,BOLSA X 25,,,,
780,FOSFATO DICALCICO ANHIDRO,BOLSA X 25,,,,
781,FOSFATO DISODICO ANHIDRO,BOLSA X 25,,,,
782,FOSFATO MONOAMONICO,BOLSA X 25,,,,
783,FOSFATO MONOCALCICO FOOD GRADE,BOLSA X 25,,,,
784,FOSFATO MONOPOTASICO,BOLSA X 25,,,,
785,FOSFATO TRICALCICO FOOD GRADE,BOLSA X 25,,,,
786,FOSFATO TRISODICO CRISTAL,BOLSA X 25,,,,
787,FOSFOROS TRES PATITOS,ENVASE X UNIDAD,,,,
788,FRANELA,ENVASE X UNIDAD,,,,
789,FUNGUICIDA FUNGUICAP x15 u,ENVASE X 1LT,,,,
790,FUYI 45 NOCHES FULL MATA MOSCAS Y MOSQUITOS,POR UNIDAD,,,,
791,FUYI 45 NOCHES REPUESTO MATA MOSCAS Y MOSQUITOS,POR UNIDAD,,,,
792,FUYI ESPIRAL COUNTRY FRESH x 12,POR UNIDAD,,,,
793,FUYI ESPIRAL VERDE X 12U,POR UNIDAD,,,,
794,FUYI TABLETA  CAJA X 4 UN,ENVASE X 4 UN,,,,
795,FUYI TABLETA CAJA 12 UN,POR UNIDAD,,,,
796,FUYI TABLETA CAJA 28 UN,POR UNIDAD,,,,
797,GALAXOLIDE,TAMBOR X 200,,,,
798,GAMUZAS POR UNIDAD,1 u,,,,
799,GATILLO PULVERIZADOR,UNIDAD,,,,
800,GATILLO PULVERIZADOR REFORZADO,UNIDAD,,,,
801,GELATINA 100 BLOOM  USP,BOLSA X 25,,,,
802,GELATINA 150 BLOOM USP,BOLSA X 25,,,,
803,GERANIOL,FRACCIONADO,,,,
804,GLADE ACEITE NATURAL Repuesto x 21 mL,ENVASE  X 21 CC,,,,
805,GLADE AUTO SPORT,ENVASE  X 21 CC,,,,
806,GLADE AUTO SPORT REPUESTO,ENVASE  X 21 CC,,,,
807,GLADE Pastilla para Inodoros x 25 gr LAVANDA,ENVASE X 25 GR,,,,
808,GLADE Pastilla para Inodoros x 25 gr PINO Y BRISAS DE LAS CUMBRES,ENVASE X 25 GR,,,,
809,GLADE SENSE MAÑANAS DE CAMPO FULL REPUESTO,UNIDAD,,,,
810,GLADE SENSE Y SPRAY FULL,UNIDAD,,,,
811,GLADE TOQUE BRISA DE LAS CUMBRES REP.,POR UNIDAD,,,,
812,GLADE TOQUE CALIDEZ DE HOGAR REP.,POR UNIDAD,,,,
813,GLADE TOQUE CARICIAS DE  BEBE REP.,POR UNIDAD,,,,
814,GLADE TOQUE COCINA CITRICA REP.,POR UNIDAD,,,,
815,GLADE TOQUE FLORAL REP.,POR UNIDAD,,,,
816,GLADE TOQUE FULL.,POR UNIDAD,,,,
817,GLADE TOQUE HARMONY REP.,POR UNIDAD,,,,
818,GLADE TOQUE I LOVE YOU REP.,POR UNIDAD,,,,
819,GLADE TOQUE LAVANDA REP.,POR UNIDAD,,,,
820,GLADE TOQUE PARAISO AZUL REP.,POR UNIDAD,,,,
821,GLADE TOQUE PRIMAVERA REP.,POR UNIDAD,,,,
822,GLADE TOQUE SPA REP.,POR UNIDAD,,,,
823,GLADE TOQUEMAÑANAS DE CAMPO REP.,POR UNIDAD,,,,
824,GLICERINA USP Fraccionado,FRACC. x 1 x 5 o x 20 Kg,,,,
825,GLICERINA USP Tambor x 250 Kg,TAMBOR X 250,,,,
826,GLIFOSATO 48 % HERBICIDA,BIDON X 20,,,,
827,GLUTAMATO MONOSODICO,BOLSA X 25,,,,
828,GLUTARALDEHIDO,TAMBOR X 220,,,,
829,GOMA ARABIGA EN POLVO,BOLSA X 25,,,,
830,GOMA GARROFIN,BOLSA X 25,,,,
831,GOMA GUAR,BOLSA X 25,,,,
832,GOMA LACA ESCAMAS,BOLSA X 25,,,,
833,GOMA XANTICA,CAJA X 20,,,,
834,GRASA CON GRAFITO ACEITEX x 90gr.,AEROSOL X 150 ML,,,,
835,GRASA SILICONADA Pote x 1 Kg,POTE X 1 Kg,,,,
836,GRASA SILICONADA Pote x 4 Kg,POTE X 4 Kg,,,,
837,GRILLO TOPO x 200 gr MAMBORETA,ENVASE X 200 gr,,,,
838,GUANTE MULTIUSO NEW ECO,ENVASE X UNIDAD,,,,
839,GUANTE PARA AUTO MICROFIBRA SCOTCH BRITE 3M,POR UNIDAD,,,,
840,GUANTES DE NITRILO,1 u,,,,
841,GUSANOS Y ORUGAS x 30 cm3 MAMBORETA Z,ENVASE X 30 mL,,,,
842,HARPIC AZUL,POR UNIDAD,,,,
843,HARPIC EXTRA FUERTE x 500 ml,POR UNIDAD,,,,
844,HARPIC LIMPIA INODORO 2 EN 1 AQUA MARINA,POR UNIDAD,,,,
845,HARPIC LIMPIA INODORO 2 EN 1 PINO VERDE,POR UNIDAD,,,,
846,HARPIC MOCHILA BLOQUE,POR UNIDAD,,,,
847,HARPIC NEGRO POWER PLUS,ENVASE X 500 mL,,,,
848,HEDIONE,FRACCIONADO,,,,
849,HERBICIDA GLACOXAN SELECTIVO X 200CC,ENVASE X 200 CC,,,,
850,HERBICIDA GLACOXAN SELECTIVO x100cc,ENVASE X 200 CC,,,,
851,HERBICIDA GLIFOSATO Fraccionado,FRACC. x 1 x 5 o x 20 Kg,,,,
852,HERBICIDA TOTAL Botella x 100 mL,ENVASE X 100 mL,,,,
853,HEXAMETAFOSFATO DE SODIO Bolsa x 25 Kg,BOLSA X 25,,,,
854,HEXAMETAFOSFATO DE SODIO Fraccionado,FRACCIONADO x 1 o 5 Kg,,,,
855,HIDRATO DE HIDRAZINA 100 %,TAMBOR X 200,,,,
856,HIDROSULFITO DE SODIO 90 %,CUÑETE X 50,,,,
857,HIDROXICITRONELAL,FRACCIONADO,,,,
858,HIDROXIDO DE ALUMINIO,CUÑETE X 25,,,,
859,HIDROXIDO DE CALCIO Bolsa x 25 Kg,BOLSA X 25,,,,
860,HIDROXIDO DE CALCIO Fraccionado,FRACCIONADO x 1 o 5 Kg,,,,
861,HIDROXIDO DE LITIO,BIDON X 25,,,,
862,HIDROXIDO DE POTASIO 92% ESCAMAS Bolsa x 25 Kg **,BOLSA X 25,,,,
863,HIDROXIDO DE POTASIO 92% ESCAMAS Fraccionado **,FRACCIONADO x 1 o 5 Kg,,,,
864,HIDROXIDO DE POTASIO SN AL 30%,PRODUCCION A PEDIDO,,,,
865,HIDROXIDO DE SODIO l SODA CAUSTICA 98% Perlas Bolsa x 25 Kg **,BOLSA X 25,,,,
866,HIDROXIDO DE SODIO l SODA CAUSTICA 98% Perlas Fraccionado **,FRACCIONADO x 1 o 5 Kg,,,,
867,HIDROXIDO DE SODIO l SODA CAUSTICA EN LENTEJAS PA**,FRASCO X 10,,,,
868,HIDROXIDO DE SODIO/SODA CAUSTICA LIQ 50 % Bidon x 30 Kg **,BIDON X 30,,,,
869,HIDROXIDO DE SODIO/SODA CAUSTICA LIQ 50 % Tb x 300 **,TAMBOR X 300,,,,
870,HIDROXIETILCELULOSA,BOLSA X 25,,,,
871,HIDROXIPROPIL CELULOSA,CUÑETE X 45,,,,
872,HIDROXIPROPIL CELULOSA,FRACCIONADO X 05,,,,
873,HIPOCLORITO DE CALCIO,BOLSA X 25,,,,
874,HIPOCLORITO DE SODIO 100 % Bidon Nuevo x 24 Kg,BIDON X 24 Kg,,,,
875,HIPOCLORITO DE SODIO 100 % Bidon Reutilizado x 24 Kg,BIDON X 24 Kg REUTILIZADO,,,,
876,HIPOCLORITO DE SODIO 100 % Bidon Reutilizado x 30 Kg,BIDON X 30 REUTILIZADO,,,,
877,HIPOCLORITO DE SODIO 100 % Bidon x 5 Lt,ENVASE X 5 LT,,,,
878,HIPOCLORITO DE SODIO 100 % Granel,NO INCLUYE ENVASE NI FLETE,,,,
879,HIPOFOSFITO DE SODIO,CUÑETE X 25,,,,
880,HONGOS x 30 mL MAMBORETA H,ENVASE X 30 mL,,,,
881,HORMIGUICIDA CHEMOXANE POLVO SECO X 250 gr,ENVASE X 250 gr,,,,
882,HORMIGUICIDA ESPACIAL CEBO X 250 gr,ENVASE X 250 gr,,,,
883,HORMIGUICIDA HORTAL CEBO X 100 gr,ENVASE X 100 gr,,,,
884,HORMIGUICIDA HORTAL CEBO X 1000 gr,ENVASE X 250 gr,,,,
885,HORMIGUICIDA HORTAL CEBO X 250 gr,ENVASE X 250 gr,,,,
886,HORMIGUICIDA HORTAL CEBO X 500 gr,ENVASE X 250 gr,,,,
887,HORMIGUICIDA HORTAL LIQUIDO X 1000  mL,ENVASE X 1,,,,
888,HORMIGUICIDA HORTAL LIQUIDO X 120 mL,ENVASE X 120 mL,,,,
889,HORMIGUICIDA HORTAL LIQUIDO X 250  mL,ENVASE X 250 mL,,,,
890,HORMIGUICIDA HORTAL LIQUIDO X 500  mL,ENVASE X 500 mL,,,,
891,HORMIGUICIDA HORTAL LIQUIDO X 60  mL,ENVASE X 60 mL,,,,
892,HORMIGUICIDA HORTAL POLVO SECO X 250 gr,ENVASE X 250 gr,,,,
893,IMIDAZOLIDINIL UREA,CUÑETE X 25,,,,
894,INSECTICIDA  CYGON HOGAR,ENVASE X 1LT,,,,
895,INSECTICIDA  INSECAP POLVO SOLUBLE,ENVASE X 1LT,,,,
896,INSECTICIDA  ULTRA PUM  EN SOBRE MOSCAS,SOBRE X 30 gr,,,,
897,INSECTICIDA ACARICIDA  CYGOTHION 50 E,ENVASE X 1LT,,,,
898,INSECTICIDA CYPERCYGON X 250CC,NA,,,,
899,INSECTICIDA CYPERCYGON X 70CC,ENVASE X 70 CC,,,,
900,INSECTICIDA EN AEROSOL DELTAFOG,ENVASE X 440 CC,,,,
901,INSECTICIDA EN PASTILLA CHEMOXANE,ENVASE X 1,,,,
902,INSECTICIDA EN PASTILLA FUMIXAN HOGAR,ENVASE X 2 COMPRIMIDOS,,,,
903,INSECTICIDA GLACOXAN D-SISTx 30cm3,ENVASE X 100 CC,,,,
904,INSECTICIDA GORRION,ENVASE X 500  CC,,,,
905,INSECTICIDA K-OTRINA  CONCENTRADA x 250 cm3,ENVASE X 250 CC,,,,
906,INSECTICIDA K-OTRINA Sobre x 15 mL,SOBRE X 15 CC,,,,
907,INSECTICIDA K-OTRINA x 500cc listo para usar,ENVASE X 500 mL,,,,
908,INSECTICIDA K-OTRINA x 60 mL,ENVASE X 60 CC,,,,
909,INSECTICIDA LIQUIDO SUPER DERRIBANTE,BIDON X 5,,,,
910,INSECTICIDA MATA CUCHARACHAS RAID,ENVASE X 360 CC,,,,
911,INSECTICIDA MATA INSECTOS NARANJA RAID,ENVASE X 360 CC,,,,
912,INSECTICIDA MATA MOSCAS Y MOSQUITOS FUYI,ENVASE X 360 CC,,,,
913,INSECTICIDA MATA MOSCAS Y MOSQUITOS PROTECCION FUYI,ENVASE X 360 CC,,,,
914,INSECTICIDA MATA POLLILLAS Y LARVAS RAID,ENVASE X 360 CC,,,,
915,INSECTICIDA MATA PULGAS Y GARRAPATAS RAID,ENVASE X 360 CC,,,,
916,INSECTICIDA MAX AERO RAID,ENVASE X 360 CC,,,,
917,INSECTICIDA RAID 45 NOCHES COMPLETO,ENVASE X 30 mL,,,,
918,INSECTICIDA RAID 45 NOCHES REPUESTO,ENVASE X 30 mL,,,,
919,INSECTICIDA RAID AEROSOL EXTERMINA CUCARACHAS,ENVASE X 360 CC,,,,
920,INSECTICIDA RAID AEROSOL MATA CUCARACHAS Y ARAÑAS,ENVASE X 360 CC,,,,
921,INSECTICIDA RAID AEROSOL MATA MOSCAS Y MOSQUITOS,ENVASE X 360 CC,,,,
922,INSECTICIDA RAID AEROSOL MATA POLILLAS Y LARVAS,ENVASE X 360 CC,,,,
923,INSECTICIDA RAID AEROSOL MATA PULGAS Y GARRAPATAS,ENVASE X 360 CC,,,,
924,INSECTICIDA RAID CASA Y JARDIN AERO 360 CC,ENVASE X 360 CC,,,,
925,INSECTICIDA RAID DOBLE ACCION AERO 360 CC,ENVASE X 360 CC,,,,
926,"INSECTICIDA RAID SIN OLOR MATA MOSCAS, MOSQUITOS Y ZANCUDOS",ENVASE X 360 CC,,,,
927,INSECTICIDA TRIUNFO,ENVASE X 500  CC,,,,
928,INTERMEDIO HERBICIDA TOTAL,BIDON X 10,,,,
929,IODO METALICO,CUÑETE X 25,,,,
930,IODURO DE POTASIO,CUÑETE X 25,,,,
931,IODURO DE SODIO,BOLSA X 25,,,,
932,IONONA BETA,FRACCIONADO,,,,
933,ISO E SUPER,FEACCIONADO,,,,
934,ISOTIAZOLINONAS SN 3.5,TAMBOR X 200,,,,
935,JABON BLANCO 5 ESTRELLAS x 200 gr,ENVASE X 200 GR,,,,
936,JABON BLANCO ALA x 200 gr,ENVASE X 200 GR,,,,
937,JABON BLANCO SEISEME x 400gr,ENVASE X 200 GR,,,,
938,JABON DE GLICERINA VERITAS 120Grs.,POR UNIDAD,,,,
939,JABON DE REXONA 125Grs.,POR UNIDAD,,,,
940,JABON DE TOCADOR ACTIVE. ESPADOL x 90 gr,POR UNIDAD,,,,
941,JABON DE TOCADOR COOL. ESPADOL x 90 gr,POR UNIDAD,,,,
942,JABON DE TOCADOR FRESH. ESPADOL x 90 gr,POR UNIDAD,,,,
943,JABON DE TOCADOR ORIG. ESPADOL x 90 gr,POR UNIDAD,,,,
944,JABON DE TOCADOR SKINCARE. ESPADOL x 90 gr,POR UNIDAD,,,,
945,JABON DE TOCADOR SUAVE 3 UN x 90g,ENVASE X 3 UNIDADES,,,,
946,JABON DE TOCADOR X 90 G,3u Pack,,,,
947,JABON EN BARRA WOOLITE,POR UNIDAD,,,,
948,JABON EN PAN,1 u,,,,
949,JABON EN POLVO Baja Espuma Enzimatico x 20 Kg,ENVASE X 20 Kg,,,,
950,JABON EN POLVO Baja Espuma Enzimatico x 5 Kg,ENVASE X 5 Kg,,,,
951,JABON EN POLVO DRIVE x 400 gr,ENVASE X 400 gr,,,,
952,JABON EN POLVO Espuma Regular x 20 Kg,ENVASE X 20 Kg,,,,
953,JABON EN POLVO MATIC ALA x 400 gr,ENVASE X 400 gr,,,,
954,JABON EN POLVO MATIC ALA x 800 gr,ENVASE X 400 gr,,,,
955,JABON ESPADOL LIQUIDO MATIC KIT C/DISPEMCER,POR UNIDAD,,,,
956,JABON LIQUIDO BAJA ESPUMA Bidon x 20 Lt,BIDON X 20,,,,
957,JABON LIQUIDO BAJA ESPUMA Bidon x 5 Lt,ENVASE X 5 LT,,,,
958,JABON LIQUIDO BAJA ESPUMA Botella x 1 Lt,ENVASE X 1 Lt,,,,
959,JABON LIQUIDO BAJA ESPUMA Granel,NO INCLUYE ENVASE NI FLETE,,,,
960,JABON LIQUIDO P/ MANOS Bidon x 20 Lt CITRICO,BIDON X 20,,,,
961,JABON LIQUIDO P/ MANOS Bidon x 20 Lt COCO,BIDON X 20,,,,
962,JABON LIQUIDO P/ MANOS Bidon x 20 Lt HENO DE PRAVIA,ENVASE x 20 Lt,,,,
963,JABON LIQUIDO P/ MANOS Bidon x 20 Lt SANDALO,BIDON X 20,,,,
964,JABON LIQUIDO P/ MANOS Bidon x 20 Lt SPA,BIDON X 20,,,,
965,JABON LIQUIDO P/ MANOS Bidon x 20 Lt VAINILLA,BIDON X 20,,,,
966,JABON LIQUIDO P/ MANOS Bidon x 5 Lt Bactericida,ENVASE X 5 LT,,,,
967,JABON LIQUIDO P/ MANOS Bidon x 5 Lt CITRICO,ENVASE X 5 LT,,,,
968,JABON LIQUIDO P/ MANOS Bidon x 5 Lt COCO,ENVASE X 5 LT,,,,
969,JABON LIQUIDO P/ MANOS Bidon x 5 Lt HENO DE PRAVIA,ENVASE X 5 LT,,,,
970,JABON LIQUIDO P/ MANOS Bidon x 5 Lt NEUTRO,ENVASE X 5 LT,,,,
971,JABON LIQUIDO P/ MANOS Bidon x 5 Lt SANDALO,ENVASE X 5 LT,,,,
972,JABON LIQUIDO P/ MANOS Bidon x 5 Lt SPA,ENVASE X 5 LT,,,,
973,JABON LIQUIDO P/ MANOS Bidon x 5 Lt VAINILLA,ENVASE X 5 LT,,,,
974,JABON LIQUIDO P/ MANOS Botella x 1 Lt Bactericida,ENVASE X 1,,,,
975,JABON LIQUIDO P/ MANOS Botella x 1 Lt CITRICO,ENVASE X 1,,,,
976,JABON LIQUIDO P/ MANOS Botella x 1 Lt COCO,ENVASE X 1,,,,
977,JABON LIQUIDO P/ MANOS Botella x 1 Lt HENO DE PRAVIA,ENVASE X 1,,,,
978,JABON LIQUIDO P/ MANOS Botella x 1 Lt SANDALO,ENVASE X 1,,,,
979,JABON LIQUIDO P/ MANOS Botella x 1 Lt SPA,ENVASE X 1,,,,
980,JABON LIQUIDO P/ MANOS Botella x 1 Lt VAINILLA,ENVASE X 1,,,,
981,JABON LIQUIDO P/ MANOS C/DISPENSER,ENVASE X UNIDAD,,,,
982,"JABON LIQUIDO PARA MANOS ANTIBACTERIAL \""FLORAL\"",""BIDON X 20",,,,,
983,"JABON LIQUIDO PARA MANOS ANTIBACTERIAL \""FLORAL\"",""BIDON X 5",,,,,
984,"JABON LIQUIDO PARA MANOS ANTIBACTERIAL \""HERBAL\"",""BIDON X 20",,,,,
985,"JABON LIQUIDO PARA MANOS ANTIBACTERIAL \""HERBAL\"",""BIDON X 5",,,,,
986,"JABON LIQUIDO PARA MANOS ANTIBACTERIAL \""MULTIFRUTAL\"",""BIDON X 20",,,,,
987,"JABON LIQUIDO PARA MANOS ANTIBACTERIAL \""MULTIFRUTAL\"",""BIDON X 5",,,,,
988,JABON LIQUIDO TIPO ACE BIDON X 20,BIDON X 20,T,2019-11-01,,
989,JABON LIQUIDO TIPO ACE BIDON X 3,BIDON X 3,T,2019-11-01,,
990,JABON LIQUIDO TIPO ACE BIDON X 5,BIDON X 5,T,2019-11-01,,
991,JABON LIQUIDO TIPO ARIEL BIDON X 20,BIDON X 20,T,2019-11-01,,
992,JABON LIQUIDO TIPO ARIEL BIDON X 3,BIDON X 3,T,2019-11-01,,
993,JABON LIQUIDO TIPO ARIEL BIDON X 5,BIDON X 5,T,2019-11-01,,
994,JABON LIQUIDO TIPO SKIP BIDON X 20,BIDON X 20,T,2019-11-01,,
995,JABON LIQUIDO TIPO SKIP BIDON X 3,BIDON X 3,T,2019-11-01,,
996,JABON LIQUIDO TIPO SKIP BIDON X 5,BIDON X 5,T,2019-11-01,,
997,JABON LIQUIDO. ESPADOL x 250 gr,POR UNIDAD,,,,
998,JARRA FACETADA x 1.8 Lt,UNIDAD,,,,
999,JARRA MEDIDORA x 1 Lt,UNIDAD,,,,
1000,JARRA MEDIDORA x 1.5 Lt,UNIDAD,,,,
1001,JARRO TERMICO x 500CC,UNIDAD,,,,
1002,JERINGA CUCARACHICIDA ACTIVA x 12 g,JERINAGA x 12 g,,,,
1003,JERINGA CUCARACHICIDA ACTIVA x 3 g,JERINGA X 3 g,,,,
1004,JERINGA HORMIGUICIDA ACTIVA x 3 g,JERINGA X 3 g,,,,
1005,LACTATO DE SODIO 60%,BOLSA X 25,,,,
1006,LACTOSA MONOHIDRATO ALIMENTICIA,BOLSA X 25,,,,
1007,LAMPAZO BARRENDERO DE 35 ITALIM  x 35 cm,UNIDAD,,,,
1008,LAMPAZO CHATO  x 35 cm,UNIDAD,,,,
1009,LAMPAZO CHATO x 100 m,UNIDAD X 100 CM,,,,
1010,LAMPAZO CHATO x 80 cm,UNIDAD X 80 CM,,,,
1011,LAMPAZO DE ALGODON P/ESCURRIDOR,UNIDAD,,,,
1012,LAMPAZO MICROFIBRA,UNIDAD,,,,
1013,LAMPAZO P/AUTO,UNIDAD,,,,
1014,LAMPAZOS X 1 KGR,1 u,,,,
1015,"LAMPAZOS X 1,5 KG",1 u,,,,
1016,LAMPAZOS X 500 GR,1 u,,,,
1017,LANA DE ACERO X70 GR,1 u,,,,
1018,LANOLINA ANHIDRA USP,BALDE X 18,,,,
1019,LARVICIDA  INTROVAN,ENVASE X 1 LT,,,,
1020,LARVICIDA INTROVAN,ENVASE X 60 CC,,,,
1021,LATITA AROMATIZADORA AUTO MY SHALDAN,UNIDAD,,,,
1022,LAURIL ETER SULFATO DE SODIO 25% Fraccionado,FRACC. x 1 x 5 o x 20 Kg,,,,
1023,LAURIL ETER SULFATO DE SODIO 25% IBC x 1000 Kg,IBC X 1000,,,,
1024,LAURIL ETER SULFATO DE SODIO 25% Tambor x 200 Kg,TAMBOR X 200,,,,
1025,LAURIL ETER SULFATO DE SODIO 70% Fraccionado,FRACC. x 1 x 5 o x 20 Kg,,,,
1026,LAURIL ETER SULFATO DE SODIO 70% Tambor x 240 Kg,TAMBOR X 240,,,,
1027,LAURIL SULFATO DE SODIO 96 %,BOLSA X 25,,,,
1028,LAURIL SULFATO DE TRIETANOLAMINA,TAMBOR X 200,,,,
1029,LAURIL SULFOSUCCINATO DE SODIO,TAMBOR X 200,,,,
1030,LAVA COCHE HIDRO SALZANO,UNIDAD,,,,
1031,LAVANDIN GROSSO AC.ES.,FRACCIONADO,,,,
1032,LAVANDINA BIDON X 3,BIDON X 3,T,2019-11-01,,
1033,LAVANDINA BIDON X 5,BIDON X 5,T,2019-11-01,,
1034,LAVANDINA CONCENTRADA 65% Bidon x 20 Lt,BIDON X 20,,,,
1035,LAVANDINA CONCENTRADA 65% Bidon x 5 Lt,ENVASE X 5 LT,,,,
1036,LAVANDINA CONCENTRADA 65% Granel,NO INCLUYE ENVASE NI FLETE,,,,
1037,LAVANDINA DESENGRASANTE EN GEL Bidòn x 5 Lt,ENVASE X 5 LT,,,,
1038,LAVANDINA DESENGRASANTE EN GEL Botella x 1Lt,ENVASE X 1,,,,
1039,LAVANDINA EN GEL,BIDON X 5,,,,
1040,LAVANDINA EN GEL AYUDIN,1 u,,,,
1041,LAVANDINA ROPA BLANCA Bidon x 20 Lt,BIDON X 20,,,,
1042,LAVANDINA ROPA BLANCA Bidon x 5 Lt,ENVASE X 5 LT,,,,
1043,LAVANDINA ROPA BLANCA Botella x 1 Lt,ENVASE X 1,,,,
1044,LAVANDINA ROPA COLOR Bidon x 20 Lt,BIDON X 20,,,,
1045,LAVANDINA ROPA COLOR Bidon x 5 Lt,ENVASE X 5 LT,,,,
1046,LAVANDINA ROPA COLOR Botella x 1 Lt,ENVASE X 1,,,,
1047,LECITINA DE SOJA,TAMBOR X 200,,,,
1048,LECITINA DE SOJA EN POLVO,BOLSA X 25,,,,
1049,LILIAL,FRACCIONADO,,,,
1050,LIMPIA ALFOMBRAS WOOLITE en aerosol,AEROSOL 360 CC,,,,
1051,LIMPIA HORNOS BLEM aerosol x 360 mL,ENVASE X 360 CC,,,,
1052,LIMPIA INODOROS CANASTA LIQUI GLADE Completa,ENVASE X 50 CC,,,,
1053,LIMPIA INODOROS CANASTA LIQUI GLADE Repuesto,ENVASE X 50 CC,,,,
1054,LIMPIA INODOROS CANASTA LIQUI LYSOFORM Completa,ENVASE X 50 CC,,,,
1055,LIMPIA INODOROS CANASTA LIQUI LYSOFORM Repuesto,ENVASE X 50 CC,,,,
1056,LIMPIA INODOROS CANASTA LIQUI MR MUSCULO Completa,ENVASE X 50 CC,,,,
1057,LIMPIA INODOROS CANASTA LIQUI MR MUSCULO Repuesto,ENVASE X 50 CC,,,,
1058,LIMPIA INODOROS DESINFEC LYSOFORM,ENVASE X 500 CC,,,,
1059,LIMPIA LLANTAS Y NEUMATICOS 3M,UNIDAD,,,,
1060,LIMPIA MAMADERA,UNIDAD,,,,
1061,LIMPIA METALES BRASSO CREMA,ENVASE X 70GR,,,,
1062,LIMPIA METALES BRASSO LIQUIDO x 500 mL,ENVASE X 500 mL,,,,
1063,LIMPIA METALES REX,ENVASE X 500 CC,,,,
1064,LIMPIA METALES VENUS,ENVASE X 900 CC,,,,
1065,LIMPIA METALES VENUS,ENVASE X 225 CC,,,,
1066,LIMPIA METALES VENUS X 425CC,UNIDAD,,,,
1067,LIMPIA TAPIZADOS,BOTELLA X 1 LT,,,,
1068,LIMPIA TAPIZADOS,BIDON X 5,,,,
1069,LIMPIA TAPIZADOS AEROSOL PENETRIT x 150 mL,AEROSOL X 150 ML,,,,
1070,LIMPIA VIDRIO PLASTICO,UNIDAD,,,,
1071,LIMPIA VIDRIOS ACERO 30cm ROYCO,UNIDAD,,,,
1072,LIMPIA VIDRIOS Bidon x 20 Lt,BIDON X 20,,,,
1073,LIMPIA VIDRIOS Bidon x 5 Lt,BIDON X 5,,,,
1074,LIMPIA VIDRIOS Botella x 1 Lt,ENVASE X 1 Lt,,,,
1075,LIMPIA VIDRIOS BRASSO,DOY PACK 450,,,,
1076,LIMPIA VIDRIOS CON CABO SG X 20 CM,UNIDAD X 20 CM,,,,
1077,LIMPIA VIDRIOS CON CABO SG X 30 CM,UNIDAD X 30 CM,,,,
1078,LIMPIA VIDRIOS CORDERO,UNIDAD,,,,
1079,LIMPIA VIDRIOS CORDERO REPUESTO 35 cm,UNIDAD,,,,
1080,LIMPIA VIDRIOS FIORENTINA,ENVASE X UNIDAD,,,,
1081,LIMPIA VIDRIOS METALICO ROYCO 30CM C/SOPORTE,UNIDAD,,,,
1082,LIMPIA VIDRIOS METALICO ROYCO 40CM C/SOPORTE,UNIDAD,,,,
1083,LIMPIA VIDRIOS PLASTICO DESESPLAST X 20 CM,UNIDAD X 20 CM,,,,
1084,LIMPIA VIDRIOS PLASTICO SALZANO C/SOPORTE X 23 CM,UNIDAD X 30 CM,,,,
1085,LIMPIA VIDRIOS Pulverizador x 500ml,PULVERIZADOR X 500 mL,,,,
1086,LIMPIADOR ANTIGRASA NARANJA MR MUSC,ENVASE X 500 CC,,,,
1087,LIMPIADOR BAÑO MR MUSCULO Sachet x 500 mL,ENVASE X 500 CC,,,,
1088,LIMPIADOR CIF GEL CON LAVANDINA x 500 mL,ENVASE X 500 CC,,,,
1089,LIMPIADOR CREMA CIF CON LAVANDINA X 250 mL,ENVASE X 250 CC,,,,
1090,LIMPIADOR CREMA CIF CON LAVANDINA x 500 mL,ENVASE X 500 CC,,,,
1091,LIMPIADOR CREMA CIF NARANJA x 750 g,ENVASE X 750,,,,
1092,LIMPIADOR CREMA CIF x 375 g,ENVASE X 375 mL,,,,
1093,LIMPIADOR CREMA CIF x 750 g,ENVASE X 750,,,,
1094,LIMPIADOR CREMA CITRUS MR MUSCULO x 450 mL,UNIDAD,,,,
1095,LIMPIADOR CREMA FLORAL MR MUSCULO x 450 mL,UNIDAD,,,,
1096,LIMPIADOR CREMA LAVANDA MR MUSCULO x 450 mL,UNIDAD,,,,
1097,LIMPIADOR CREMA MAÑANAS DE CAMPO MR MUSCULO x 450 mL,UNIDAD,,,,
1098,LIMPIADOR CREMOSO Bidon x 20 Lt,BIDON X 20,,,,
1099,LIMPIADOR CREMOSO Bidon x 5 Lt,BIDON X 5,,,,
1100,LIMPIADOR CREMOSO Botella x 1 Lt,ENVASE X 1 Lt,,,,
1101,LIMPIADOR CREMOSO SUIZA x 500cc,UNIDAD,,,,
1102,LIMPIADOR CREMOSO TIPO CIF X 350 GR,1 u,,,,
1103,LIMPIADOR CREMOSO TIPO CIF X 750 GR,1 u,,,,
1104,LIMPIADOR DESINFECTANTE LYSOFORM,ENVASE X 500 CC,,,,
1105,LIMPIADOR GAMUZA COBRA x 60 mL,ENVASE X 60 mL,,,,
1106,LIMPIADOR INODORO CON PICO LYSOFORM,ENVASE X 500 CC,,,,
1107,LIMPIADOR LIQUIDO MULTIUSO EASY OF BANG,ENVASE X 250 CC,,,,
1108,LIMPIADOR LIQUIDO UNIVERSAL CIF,ENVASE X 500 CC,,,,
1109,LIMPIADOR OXI POWER MR MUSCULO,ENVASE X 500 CC,,,,
1110,LIMPIADOR PARA BAÑO CIF,ENVASE X 500 CC,,,,
1111,LIMPIADOR PARA BAÑO MR MUSCULO,ENVASE X 500 CC,,,,
1112,LIMPIADOR PARA PORCELANATO R9 x 5 Lt,BIDON X 5,,,,
1113,LIMPIADOR TIPO CIF BAÑO Bidon x 5 Lt,ENVASE X 5 LT,,,,
1114,LIMPIADOR TIPO CIF BAÑO Botella  x 1 Lt,ENVASE X 1,,,,
1115,LIMPIADOR TIPO OXIGEL Bidon x 20 Lt,BIDON X 20,,,,
1116,LIMPIADOR TIPO OXIGEL Bidon x 5 Lt,BIDON X 5,,,,
1117,LIMPIADOR TIPO OXIGEL Botella x 1 Lt,ENVASE X 1,,,,
1118,LIMPIADOR VIDRIOS Y MULTIUSO,ENVASE X 500 CC,,,,
1119,LIMPIADOR VIDRIOS Y MULTIUSO MR MUSCULO,ENVASE X 500 CC,,,,
1120,LIMPIAVIDRIOS,BIDON X 5,,,,
1121,LINANOL,BALDE X 18,,,,
1122,LIQUIDO ESPADOL DESINFECTANTE Botella x 900 mL,POR UNIDAD,,,,
1123,LIQUIDO ESPADOL DESINFECTANTE LAVANDA Botella x 900 mL,POR UNIDAD,,,,
1124,LIQUIDO LIMPIADOR ABRILLANTADOR L3 ACRYPOL x 5 Lt,BIDON X 5,,,,
1125,LIQUIDO PARA LAMPAZO Bidon x 20 Lt,BIDON X 20,,,,
1126,LIQUIDO PARA LAMPAZO CERAMICOL,ENVASE X 1 LT,,,,
1127,LIQUIDO PARA LAMPAZO CLINSY,ENVASE X 1 LT,,,,
1128,LIQUIDO PARA LAMPAZO SOLVENTE SILICONADO PERFUMADO,BIDON X 5,,,,
1129,LIQUIDO PARA LAMPAZO SOLVENTE SILICONADO PERFUMADO,BIDON X 20,,,,
1130,LIQUIDO PARA LAMPAZO STARBEL,ENVASE X 1 LT,,,,
1131,LO MEJOR TRADICIONAL,NA,,,,
1132,LUBRICANTE MULTIUSO AEROSOL PENETRIT x 250cm3,AEROSOL X 150 ML,,,,
1133,LUSTRA MUEBLES Bidon x 5 Lt,BIDON X 5,,,,
1134,LUSTRA MUEBLES BLEM BLANCO Aerosol,AEROSOL 360 CC,,,,
1135,LUSTRA MUEBLES BLEM LAVANDA Aerosol,AEROSOL 360 CC,,,,
1136,LUSTRA MUEBLES BLEM NARANJA Aerosol,AEROSOL 360 CC,,,,
1137,LUSTRA MUEBLES BLEM ORIGINAL Aerosol,AEROSOL 360 CC,,,,
1138,LUSTRA MUEBLES CERAMICOL Aerosol,ENVASE X 360 CC,,,,
1139,LUSTRA MUEBLES CERAMICOL CREMA,UNIDAD,,,,
1140,LUSTRA MUEBLES CREMA BLEM,ENVASE X 200 CC,,,,
1141,LUSTRA MUEBLES CREMA CAOBA SUIZA,BIDON X 5,,,,
1142,LUSTRA MUEBLES CREMA CERAMICOL BRISHINE,ENVASE X 250 CC,,,,
1143,LUSTRA MUEBLES CREMA SUIZA,BIDON X 5,,,,
1144,LUSTRA MUEBLES EN AEROSOL  BRISHINE,AEROSOL 360 CC,,,,
1145,LUSTRA MUEBLES SUIZA Aerosol,ENVASE X 360 CC,,,,
1146,LYSOFORM ANTIGRASA doypack,ENVASE X 500 CC,,,,
1147,LYSOFORM BAÑO Doy Pack 500 mL,ENVASE X 500 CC,,,,
1148,LYSOFORM DESINFECTANTE AIRE DE MONTAÑA Aerosol x 360 CC,ENVASE X 360 CC,,,,
1149,LYSOFORM DESINFECTANTE BEBE Aerosol x 360 CC,ENVASE X 360 CC,,,,
1150,LYSOFORM DESINFECTANTE LAVANDA Aerosol x 360 CC,ENVASE X 360 CC,,,,
1151,LYSOFORM DESINFECTANTE ORIGINAL Aerosol x 360 CC,ENVASE X 360 CC,,,,
1152,LYSOFORM LIMPIADOR  Doy Pack 500 mL,ENVASE X 500 CC,,,,
1153,LYSOFORM PAÑOS 35X12,ENVASE X 500 CC,,,,
1154,LYSOFORM TOQUE REP. 9 GRS,UNIDAD,,,,
1155,MALTODEXTRINA FOOD GRADE Bolsa x 25 Kg,BOLSA X 25,,,,
1156,MALTODEXTRINA USP,BOLSA X 25,,,,
1157,MALTOL,CAJA X 25 Kg,,,,
1158,MAMBORETA B+R BABOSAS Y CARACOLES X 100 gr,ENVASE X 100 gr,,,,
1159,MAMBORETA K  MANCHA NEGRA Y ROYA X 100 gr,ENVASE X 100 gr,,,,
1160,MAMBORETA M-PLUS X 20 cm3,ENVASE X 20 mL,,,,
1161,MAMBORETA VITAL X 30 CC,ENVASE X 30 mL,,,,
1162,MANITOL USP,CAJA X 25,,,,
1163,MANOPLA DE MICROFIBRA PARA AUTO FIORENTINA,ENVASE X UNIDAD,,,,
1164,MAQUINA DE AFEITAR GILETTE PRESTOBARBA 3 FILOS,NA,,,,
1165,MAQUINA DE FLY,UNIDAD,,,,
1166,MEK / METIL ETIL CETONA*,TAMBOR X 200,,,,
1167,MENTOL CRISTAL,CAJA X 25,,,,
1168,METABISULFITO DE SODIO ESSECO Bolsa x 25 Kg,BOLSA X 25,,,,
1169,METABISULFITO DE SODIO TECNICO Bolsa x 25 Kg,BOLSA X 25,,,,
1170,METANOL l ALCOHOL METILICO Fraccionado,FRACC. x 1 x 5 x 20 Lt,,,,
1171,METANOL l ALCOHOL METILICO Tambor x 200 Lt,TAMBOR X 200,,,,
1172,METASILICATO DE SODIO 5H2O,BOLSA X 25,,,,
1173,METASILICATO DE SODIO ANHIDRO,BIDON X 10,,,,
1174,METIL IONONA GAMMA,NA,,,,
1175,METILPARABENO Cuñete x 25 Kg,CUÑETE X 25,,,,
1176,METILPARABENO Fraccionado,FRACCIONADO x 1 o 5 Kg,,,,
1177,METILPARABENO SODICO,CAJA X 20,,,,
1178,METOXIDO DE POTASIO 25 % SN (1:3 KOH:CH3OH),PRODUCCION A PEDIDO,,,,
1179,MICROFIBRA PARA TECNOLOGIA ¨SCOTCH BRITE¨ 3M,ENVASE X UNIDAD,,,,
1180,MIK / METIL ISOBUTIL CETONA **,TAMBOR X 160,,,,
1181,MINADOR Y ACAROS 20 cm3 MAMBORETA ABA,ENVASE X 20 mL,,,,
1182,MINGITORIO PASTILLAS,ENVASE PASTILLAS X 1 UNIDAD,,,,
1183,MIRISTATO DE ISOPROPILO,TAMBOR X 175,,,,
1184,MOCHILA FUMIGADORA 25 LTS,ENVASE X 48 GR,,,,
1185,MOLIBDATO DE AMONIO,BOLSA X 25,,,,
1186,MOLIBDATO DE SODIO,BOLSA X 25,,,,
1187,MONOESTEARATO DE GLICERILO AUTOE,BOLSA X 25,,,,
1188,MONOESTEARATO DE GLICERILO AUTOE Fraccionado,FRACCIONADO x 1 o 5 Kg,,,,
1189,MONOETANOLAMINA,TAMBOR X 220,,,,
1190,MONOLAURATO DE SORBITAN l SP 20,TAMBOR X 240,,,,
1191,MOPA BALERINA SPORTINA,UNIDAD,,,,
1192,MOPA CHICA VIRULANA,NA,,,,
1193,MOPA HILO CHICA TIPO INDUSTRIAL,UNIDAD,,,,
1194,MOPA HILO GRANDE TIPO INDUSTRIAL 500gr.,UNIDAD,,,,
1195,MOPA HILO MEDIANA TIPO INDUSTRIAL 300gr.,UNIDAD,,,,
1196,MOPA HILO SPORTINA,UNIDAD,,,,
1197,MOPAS BLANCAS,1 u,,,,
1198,MOPAS GRISES,1 u,,,,
1199,MORFOLINA,TAMBOR X 210,,,,
1200,MOSTACERO GASTRONOMICO C/TAPA,UNIDAD,,,,
1201,MR MUSCULO DISCOS ACTIVOS FULL,ENVASE X 30 GR,,,,
1202,MR MUSCULO DISCOS ACTIVOS REP,ENVASE X 30 GR,,,,
1203,MR MUSCULO LIMPIA HORNO Aerosol x 360 mL,AEROSOL 360 CC,,,,
1204,MR MUSCULO MOCHILA BLOQUE Azul,ENVASE X 48 GR,,,,
1205,MULTIUSO MR MUSCULO,ENVASE X 500 CC,,,,
1206,MUSC  XILOL,FRACCIONADO,,,,
1207,N-METIL PIRROLIDONA,TAMBOR X 200,,,,
1208,N-PROPANOL,TAMBOR X 200,,,,
1209,NA,NA,,,,
1210,NA,NA,,,,
1211,NA,NA,,,,
1212,NA,NA,,,,
1213,NA,NA,,,,
1214,NA,NA,,,,
1215,NACARANTE,TAMBOR X 200,,,,
1216,NAFTALENSULFONATO SODICO,BOLSA X 25,,,,
1217,NAFTALINA ANTIPOLILLA IBERIA,ENVASE X 200 GRS,,,,
1218,NAFTALINA INDUSTRIAL,ENVASE X 1 Kg,,,,
1219,NAFTALINA PERDIGON,ENVASE X 200 GRS,,,,
1220,NAFTALINA PERFUMADA IBERIA,ENVASE X 200 GS,,,,
1221,NAFTALINA VIANCE X 200 GRS,ENVASE X 200 GRS,,,,
1222,NEROL,FRACCIONADO,,,,
1223,NITRATO DE MAGNESIO,BOLSA X 25,,,,
1224,NITRATO DE SODIO,BOLSA X 25,,,,
1225,NITRITO DE SODIO,BOLSA X 25,,,,
1226,NITRITO DE SODIO TECNICO CON AK,BOLSA X 25 KG,,,,
1227,NONIL FENOL 10 MOE Fraccionado,FRACC. x 1 x 5 o x 20 Kg,,,,
1228,NONIL FENOL 10 MOE Tambor x 215 Kg,TAMBOR X 215,,,,
1229,NONIL FENOL 15 MOE,TAMBOR X 220,,,,
1230,NONIL FENOL 23 MOE,TAMBOR X 200,,,,
1231,NONIL FENOL 30 MOE,TAMBOR X 210,,,,
1232,NONIL FENOL 4 MOE,TAMBOR X 205,,,,
1233,NONIL FENOL 6 MOE,TAMBOR X 215,,,,
1234,NONIL FENOL 8 MOE,TAMBOR X 210,,,,
1235,OFF FAMILY LOCION 60g,ENVASE X 200 CC,,,,
1236,OFF FAMILY SPRAY,ENVASE X 200 CC,,,,
1237,OFF REPELENTE EXTRA DURACION VERDE,AEROSOL X 165 CC,,,,
1238,OFF REPELENTE NARANJA,AEROSOL X 165 CC,,,,
1239,ORTODICLOROBENCENO,TAMBOR X 250,,,,
1240,OXIDO DE AMINA DIMETIL LAURIL 30%,TAMBOR X 200,,,,
1241,OXIDO DE AMINA MIRISTICA,TAMBOR X 190,,,,
1242,OXIDO DE CINC SELLO BLANCO USP Bolsa x 25 Kg,BOLSA X 25,,,,
1243,OXIDO DE CINC SELLO BLANCO USP Fraccionado,FRACCIONADO x 1 o 5 Kg,,,,
1244,OXIDO DE MAGNESIO LIVIANO,BOLSA X 20,,,,
1245,PALA AEROPUERTO CABO GRANDE DESESPLAST,UNIDAD,,,,
1246,PALA CON ESCOBILLON FIORENTINA Aeropuerto,UNIDAD,,,,
1247,PALA CON MANGO DE CHAPA,UNIDAD,,,,
1248,PALA CON MANGO FIORENTINA,UNIDAD,,,,
1249,PALA CON MANGO PLASTICO,UNIDAD,,,,
1250,PALA DE MANO CLIP FIORENTINA,UNIDAD,,,,
1251,PALA DE MANO CLIP PUNTA DE GOMA,UNIDAD,,,,
1252,PALA PLASTICA CON BORDE DE GOMA VIRULANA,UNIDAD,,,,
1253,PALA PLASTICA ECONOMICA DE MANO,UNIDAD,,,,
1254,PALA PLASTICA LANIN C/GOMA,UNIDAD,,,,
1255,PALA PLASTICA REBATIBLE,UNIDAD,,,,
1256,PALA PLASTICA REBATIBLE CON GOMA,UNIDAD,,,,
1257,PALANGANA,UNIDAD,,,,
1258,PALAS CON CABO,1 u,,,,
1259,PALMITATO DE ISOPROPILO,TAMBOR X 175,,,,
1260,PANO TIPO BALERINA COCINA,1 u,,,,
1261,PAÑO ABSORVENTE KANEBO,UNIDAD,,,,
1262,PAÑO LIMPIA VIDRIOS VIRULANA,UNIDAD,,,,
1263,PAÑO MICROFIBRA 30 x 30 cm,UNIDAD,,,,
1264,PAÑO MICROFIBRA 40 x 60 cm,UNIDAD,,,,
1265,PAÑO MICROFIBRA 40 x40 cm COCINA,UNIDAD,,,,
1266,PAÑO MICROFIBRA 40 x40 cm MUEBLES,UNIDAD,,,,
1267,PAÑO MICROFIBRA 40 x40 cm MULTIUSO,UNIDAD,,,,
1268,PAÑO MICROFIBRA 62X48 cm PISO,UNIDAD,,,,
1269,PAÑO MICROFIBRA PARA AUTO ¨SCOTCH BRITE¨ 3M,UNIDAD,,,,
1270,PAÑO MICROFIBRA PARA AUTO FIORENTINA,UNIDAD,,,,
1271,PAÑO MICROFIBRA PARA PISOS ¨SCOTCH BRITE¨ 3M,UNIDAD,,,,
1272,PAÑO MICROFIBRA PARA VIDRIO¨SCOTCH BRITE¨ 3M,UNIDAD,,,,
1273,PAÑO PARA PISOS FIORENTINA,UNIDAD,,,,
1274,PAÑO SILICONADO CERCRIM,UNIDAD,,,,
1275,PAÑUELOS DE PAPEL CAMPANITA x75,ENVASE X 70 UNIDADES,,,,
1276,PAÑUELOS DESCARTABLES PAQUETE,ENVASE X UNIDAD,,,,
1277,PAPEL HIGIENICO BAHIA PAQUETE X 4 UN,ENVASE X 1 PAQUETE,,,,
1278,PAPEL HIGIENICO BOLSON 30 UN X 100 Metros,ENVASE X BOLSON,,,,
1279,PAPEL HIGIENICO BOLSON BAHIA  4 X 12 PAQ,ENVASE X BOLSON,,,,
1280,PAPEL HIGIENICO BOLSON LENIS 12 PAQ 4 UN x 40 Metros,ENVASE X BOLSON,,,,
1281,PAPEL HIGIENICO BOLSON SCOTT 12 PAQ 4 UN x 40 Metros,ENVASE X BOLSON,,,,
1282,PAPEL HIGIENICO CAMPANITA PREMIUM DOBLE HOJA Bolson,ENVASE X BOLSON,,,,
1283,PAPEL HIGIENICO CAMPANITA PREMIUM DOBLE HOJA Pack x 4 UN,PACK x 4 UN,,,,
1284,PAPEL HIGIENICO JUMBO BOLSON 8 UN. X 360 Metros,ENVASE X BOLSON,,,,
1285,PAPEL HIGIENICO PLUS BLANCO BOLSON 18 UN x 80 m,ENVASE X BOLSON,,,,
1286,PAPEL HIGIENICO X 300 MTRS,1 u,,,,
1287,PAPEL HIGIENICO X 48 UNIDADES BLANCO,1 u,,,,
1288,PARACLOROMETAXILENOL,BIDON X 25,,,,
1289,PARAFINA 58 ª FUSION Caja x 25 Kg,CAJA X 25,,,,
1290,PARAFINA 58 ª FUSION Fraccionado,FRACCIONADO x 5 Kg,,,,
1291,PARAFORMALDEHIDO,CAJA X 20,,,,
1292,PASA CERA,UNIDAD,,,,
1293,PASA CERA LARGO 25CM,UNIDAD,,,,
1294,PASAS CERA,1 u,,,,
1295,PASTA LIMPIA TAPIZADOS ACTIVA Bandeja x 300 g,BANDEJA X 300 g,,,,
1296,PASTILLA PARA INODOROS CON LAVANDINA LYSOFORM,UNIDAD,,,,
1297,PASTILLAS DE CLORO,1 kg,,,,
1298,PEGATRAP BANDEJA X 2 UN LAUCHA,POR UNIDAD,,,,
1299,PENETRIT 10 FUNCIONES LUBRICANTE x 250cm3,AEROSOL X 150 ML,,,,
1300,PERBORATO DE SODIO Bolsa x 25 Kg,BOLSA X 25,,,,
1301,PERBORATO DE SODIO Fraccionado,FRACCIONADO x 1 o 5 Kg,,,,
1302,PERCHA ANTIPOLILLA,UNIDAD,,,,
1303,PERCLOROETILENO,TAMBOR X 305,,,,
1304,PERCLORURO FERRICO,BIDON X 30,,,,
1305,"PERFUME DE TEXTIL \""COCO VAINILLA\"",""BIDON X 5",,,,,
1306,"PERFUME DE TEXTIL \""COCO VAINILLA\"",""BOTELLA X 1 LT",,,,,
1307,"PERFUME DE TEXTIL \""CONIGLIO\"",""BIDON X 5",,,,,
1308,"PERFUME DE TEXTIL \""CONIGLIO\"",""BOTELLA X 1 LT",,,,,
1309,"PERFUME DE TEXTIL \""FLOWER KENZO\"",""BIDON X 5",,,,,
1310,"PERFUME DE TEXTIL \""FLOWER KENZO\"",""BOTELLA X 1 LT",,,,,
1311,"PERFUME DE TEXTIL \""WHASSING PREMIUM\"",""BIDON X 5",,,,,
1312,"PERFUME DE TEXTIL \""WHASSING PREMIUM\"",""BOTELLA X 1 LT",,,,,
1313,PERFUME PARA AUTO Bidon x 5 Lt,ENVASE X 5 LT,,,,
1314,PERFUME PARA AUTO Botella 1 Lt,ENVASE X 1 Lt,,,,
1315,PERFUME PARA AUTO Pulv. x 250 mL,ENVASE X 250 mL,,,,
1316,PERFUME PARA ROPA Bidon x 5 Lt,BIDON X 5,,,,
1317,PERFUME PARA ROPA Botella x 1 Lt,ENVASE X 1,,,,
1318,PERFUME PARA ROPA Pulv. x 250 mL,ENVASE X 250 mL,,,,
1319,PERFUMINA PARA ROPA Botella x 1 Lt,ENVASE X 1 Lt,,,,
1320,PERFUMINA PARA ROPA Botella x 250 mL,ENVASE X 250 mL,,,,
1321,PERFUMINA PARA ROPA Botella x 500 mL,ENVASE X 500 mL,,,,
1322,PERMANGANATO DE POTASIO *,CUÑETE X 50,,,,
1323,PERSULFATO DE AMONIO,BOLSA X 25,,,,
1324,PERSULFATO DE POTASIO,BOLSA X 25,,,,
1325,PERSULFATO DE SODIO,BOLSA X 25,,,,
1326,PINITO DESODORANTE P/AUTO,ENVASE  X 21 CC,,,,
1327,PINZA PARA MOPA,UNIDAD,,,,
1328,"PIPETA ANIKIL 0-10 Kg MATA PULGA, PIOJO Y GARRAPATAS",POR UNIDAD,,,,
1329,"PIPETA ANIKIL 10-20 Kg MATA PULGAS, PIOJOS Y GARRAPATAS",POR UNIDAD,,,,
1330,"PIPETA ANIKIL 20-40 Kg MATA PULGAS, PIOJOS Y GARRAPATAS",POR UNIDAD,,,,
1331,PIPETA BABS 0-10 Kg,POR UNIDAD,,,,
1332,PIPETA BABS 10-40 Kg,POR UNIDAD,,,,
1333,PIPETA BABS 10-40 Kg,POR UNIDAD,,,,
1334,PIPETA BABS 40.1-60 Kg,POR UNIDAD,,,,
1335,PIPETA POWER GATOS,POR UNIDAD,,,,
1336,PIROFOSFATO ACIDO DE SODIO,BOLSA X 25,,,,
1337,PIROFOSFATO DE SODIO NEUTRO,BOLSA X 25,,,,
1338,PIROSIL PS 200,BOLSA X 20,,,,
1339,PIROSIL PS 300,BOLSA X 20,,,,
1340,PLUMERO DE PLUMA Grande,UNIDAD,,,,
1341,PLUMERO DE PLUMA Nro 20,UNIDAD,,,,
1342,PLUMERO DE PLUMA Nro 22,UNIDAD,,,,
1343,PLUMERO DE PLUMA Nro 24,UNIDAD,,,,
1344,PLUMERO DE PLUMA Nro 28,UNIDAD,,,,
1345,PLUMERO DE PLUMA NRO 30 Chico,UNIDAD,,,,
1346,PLUMERO DE PLUMA Nro 36,UNIDAD,,,,
1347,PLUMERO DE PLUMA NRO 40 Mediano,UNIDAD,,,,
1348,PLUMERO PARA AUTO DE LANA,UNIDAD,,,,
1349,PLUMERO TECHO GLOBO,UNIDAD,,,,
1350,POLIETILENGLICOL 1000,BOLSA X 25,,,,
1351,POLIETILENGLICOL 1500,BOLSA X 25,,,,
1352,POLIETILENGLICOL 300,TAMBOR X 230,,,,
1353,POLIETILENGLICOL 3350,BOLSA X 25,,,,
1354,POLIETILENGLICOL 400,TAMBOR X 230,,,,
1355,POLIETILENGLICOL 4000,BOLSA X 25,,,,
1356,POLIETILENGLICOL 6000,BOLSA X 25,,,,
1357,POLIETILENGLICOL 6000,BOLSA X 25,,,,
1358,POLIETILENGLICOL 8000,BOLSA X 25,,,,
1359,POLIETLENGLICOL 1000,TAMBOR X 215,,,,
1360,POLVO LIMPIADOR LUZBRILL x 500 gr,UNIDAD,,,,
1361,POLVO LIMPIADOR ODEX x 500 gr,UNIDAD,,,,
1362,POTE 1000 FA PADS NATURAL,UNIDAD,,,,
1363,POTE PLASTICO x 1000 mL,UNIDAD,,,,
1364,POTE PLASTICO x 250 mL,UNIDAD,,,,
1365,POTE PLASTICO x 4000 mL,UNIDAD,,,,
1366,POTE PLASTICO x 500 mL,UNIDAD,,,,
1367,PRECIPITANTE/CLARIFICADOR,BIDON X 5,,,,
1368,PRELAVADO OXYPOWER  MR MUSCULO,ENVASE X 500 CC,,,,
1369,PROCENEX VIDRIOS Y MULTIUSO,DOY PACK 450,,,,
1370,PROPILENGLICOL USP Fraccionado,FRACC. x 1 x 5 o x 20 Kg,,,,
1371,PROPILENGLICOL USP Tambor x 215 Kg,TAMBOR X 215,,,,
1372,PROPILPARABENO,CUÑETE X 25,,,,
1373,PROPILPARABENO Fraccionado,FRACCIONADO x 1 o 5 Kg,,,,
1374,PROPILPARABENO SODICO,CAJA X 25,,,,
1375,PROPIONATO DE CALCIO,BOLSA X 25,,,,
1376,PULGUICIDA  GARRATAL,ENVASE X60 CC,,,,
1377,PULGUICIDA Y GARRAPATICIDA  BABS BAÑO,ENVASE X 70 CC,,,,
1378,PULGUICIDA Y GARRAPATICIDA BABS BAÑO,ENVASE X 120 ML,,,,
1379,PUNTERA ADAPTADOR CABO EXTENSIBLE,ENVASE X UNIDAD,,,,
1380,PVP K 30 USP Cuñete x 25 Kg,CUÑETE X 25,,,,
1381,PVP K 30 USP Fraccionado,FRACCIONADO x 1 o 5 Kg,,,,
1382,PVP VA 64 POLVO,CUÑETE X 25,,,,
1383,QUITA BIROME Bidon x 5 Lt,BIDON X 5,,,,
1384,QUITA BIROME Botella x 1 Lt,ENVASE X 1 Lt,,,,
1385,QUITA CERA ACRILICA Botella x 1 Lt,BOTELLA X 1,,,,
1386,QUITA CERA ACRILICA Botella x 5 Lt,BOTELLA X 1,,,,
1387,QUITA CERA CONCENTRADO MERCLIN x 1L,ENVASE X 1 LT,,,,
1388,QUITA CERA STARBEL,ENVASE X 900 CC,,,,
1389,QUITA CERA SUIZA,ENVASE X 900 CC,,,,
1390,QUITA CERA SUIZA,ENVASE X 1 LT,,,,
1391,QUITA HONGO Bidon x 5 Lt,BIDON X 5,,,,
1392,QUITA HONGO Botella x 1 Lt,BOTELLA X 1,,,,
1393,QUITA MANCHAS DE OXIDO TEXTIL X 60 mL MERCLIN,ENVASE X 125 mL,,,,
1394,QUITA MANCHAS DE OXIDO X 125 mL MERCLIN,ENVASE X 125 mL,,,,
1395,QUITA MANCHAS DE OXIDO X 250 mL MERCLIN,ENVASE X 250 mL,,,,
1396,QUITA MANCHAS EN AEROSOL TINTO AERO MELVILLE,ENVASE X 122 GR,,,,
1397,QUITA MANCHAS MR MUSCULO En Polvo x 250 gr,ENVASE X 250 GR,,,,
1398,QUITA MANCHAS PLUS / LIMPIA ALFOMBRA Bidon x 20 Lt,BIDON X 20,,,,
1399,QUITA MANCHAS PLUS / LIMPIA ALFOMBRA Bidon x 5 Lt,BIDON X 5,,,,
1400,QUITA MANCHAS PLUS / LIMPIA ALFOMBRA Botella x 1 Lt,BOTELLA X 1,,,,
1401,QUITA SARRO Bidon x 5 Lt,BIDON X 5,,,,
1402,QUITA SARRO Botella x 1 Lt,BOTELLA X 1,,,,
1403,QUITA SARRO GEL x 500 mL,ENVASE x  500 mL,,,,
1404,QUITA SARRO STARBEL X 1L,ENVASE x  500 mL,,,,
1405,QUITA SARRO Y OXIDO AX6 Botella x 1 lt,ENVASE X 1,,,,
1406,QUITA SARRO Y OXIDO AX6 Botella x 500 cm3,ENVASE X 1,,,,
1407,QUITAMANCHAS TEXTIL,BIDON X 5,,,,
1408,QUITOLOR HELADERAS,UNIDAD,,,,
1409,RAID ANTIPOLILLA  CONTINUO 3gr.,ENVASE X 360 CC,,,,
1410,RAID APARATO PARA TABLETAS CONTRA MOSQUITOS,POR UNIDAD,,,,
1411,RAID ESPIRAL COUNTRY FRESH caja por 12 un,UNIDAD,,,,
1412,RAID ESPIRAL VERDE X 12U,UNIDAD,,,,
1413,RAID TABLETA CAJA 24 UN,ENVASE X 24 UN,,,,
1414,RAID x 6 MATA CUCARACHAS CEBO 15.6 grs.,POR UNIDAD,,,,
1415,RASTRILLO DE JARDINERIA ALAMBRE,ENVASE X UNIDAD,,,,
1416,RASTRILLO DE JARDINERIA PLASTICO,ENVASE X UNIDAD,,,,
1417,RASTRILLO GRANDE ECO,UNIDAD X 50 CM,,,,
1418,RATICIDA  SUPER CYGONAZO x 1 Kg,ENVASE X 1 KG,,,,
1419,RATICIDA  ULTRA FRAP x 30 gr Uso Profesional,ENVASE X 30 GRS,,,,
1420,RATICIDA  ULTRA FRAP x 90 gr Uso Profesional,ENVASE X 30 GRS,,,,
1421,RATICIDA BLOQUE Lata x 5 Kg,LATA X 5 Kg,,,,
1422,RATICIDA BLOQUE x  1Kg,ENVASE X 1 Kg,,,,
1423,RATICIDA BLOQUE x 100 gr,ENVASE X 100 gr,,,,
1424,RATICIDA CEBO  GELTEK BLISTER x 120g,UNIDAD,,,,
1425,RATICIDA CEBO  GELTEK x 1 Kg,ENVASE X 1 KG,,,,
1426,RATICIDA GOMATON PLANCHA ADHESIVA,POR UNIDAD,,,,
1427,RATICIDA PEGATRAP BANDEJA X 2 UN,POR UNIDAD,,,,
1428,RATICIDA PEGATRAP LATA,ENVASE X 1,,,,
1429,RATICIDA PEGATRAP Lata x 1 Kg,ENVASE X 1 KG,,,,
1430,RATICIDA PEGATRAP Lata x 4 Lt,ENVASE x 4 Lt,,,,
1431,RATICIDA RAT-L,ENVASE X 250 CC,,,,
1432,RATICIDA RATISADA  LIQUIDO x 500 mL,ENVASE X 500  CC,,,,
1433,RATICIDA SUPER BRUMOLINE,NA,,,,
1434,RATICIDA SUPER BRUMOLINE CAJA AMARILLA,POR UNIDAD,,,,
1435,RATICIDA SUPER BRUMOLINE x 100,NA,,,,
1436,RATICIDA SUPER CYGONAZO x 100 gr,ENVASE X 100 GRS,,,,
1437,RATICIDA SUPER CYGONAZO x 200 gr,ENVASE X 200 gr,,,,
1438,RATRILLO GRANDE ECO,UNIDAD X 50 CM,,,,
1439,RAYONEX X 125 CC CLAR/MED/OSC,ENVASE X 125 mL,,,,
1440,RECIPIENTE 13 LTS C/PEDAL DPH,ENVASE X UNIDAD,,,,
1441,RECIPIENTE 88 LTS L RED CON TAPA,ENVASE X UNIDAD,,,,
1442,RECIPIENTE PARA FREEZER,ENVASE X UNIDAD,,,,
1443,RECTANGULAR RATA ECONOMICA,ENVASE X 1 Kg,,,,
1444,REGADERA X 5 Lt,POR UNIDAD,,,,
1445,REJILLAS DOBLE TRAMA,1 u,,,,
1446,REJILLAS TRIPLE,1 u,,,,
1447,REMOVEDOR ACRILICO ACRYPOL x 5 Lt,BIDON X 5,,,,
1448,REMOVEDOR DE CERA,BIDON X 5,,,,
1449,REMOVEDOR DE CERA,BIDON X 20,,,,
1450,REMOVEDOR DE CERA AL SOLVENTE,BOTELLA X 1 Lt,,,,
1451,REMOVEDOR DE RAYAS 3M,NA,,,,
1452,RENOVADOR DE CAUCHO,BIDON X 5,,,,
1453,REPASADOR,ENVASE X UNIDAD,,,,
1454,REPELENTE EXTRADURACION REPELEX AEROSOL,POR UNIDAD,,,,
1455,REPELENTE LIQUIDO A VOLAR SPRAY,ENVASE x 200 mL,,,,
1456,REPELENTE LIQUIDO DE MASCOTAS,BOTELLA 600cc,,,,
1457,REPELENTE LOCION CON CITRONELLA REPELEX,POR UNIDAD,,,,
1458,REPELENTE VELOXAN MOSCAS Y MOSQUITOS,ENVASE X 250 CC,,,,
1459,REPUESTO AEROSOL AROMATIZADOR New Scent ALEPH,AEROSOL 360 CC,,,,
1460,REPUESTO AEROSOL AROMATIZADOR New Scent ANGEL BLUE,AEROSOL 360 CC,,,,
1461,REPUESTO AEROSOL AROMATIZADOR New Scent AYELEN,AEROSOL 360 CC,,,,
1462,REPUESTO AEROSOL AROMATIZADOR New Scent BAHIA,AEROSOL 360 CC,,,,
1463,REPUESTO AEROSOL AROMATIZADOR New Scent BRISA,AEROSOL 360 CC,,,,
1464,REPUESTO AEROSOL AROMATIZADOR New Scent CAPUCCINO,AEROSOL 360 CC,,,,
1465,REPUESTO AEROSOL AROMATIZADOR New Scent CARAMELO,AEROSOL 360 CC,,,,
1466,REPUESTO AEROSOL AROMATIZADOR New Scent CHERRY,AEROSOL 360 CC,,,,
1467,REPUESTO AEROSOL AROMATIZADOR New Scent CHIA,AEROSOL 360 CC,,,,
1468,REPUESTO AEROSOL AROMATIZADOR New Scent CITRONELLA,AEROSOL 360 CC,,,,
1469,REPUESTO AEROSOL AROMATIZADOR New Scent DELIRIO,AEROSOL 360 CC,,,,
1470,REPUESTO AEROSOL AROMATIZADOR New Scent FRUTAL,AEROSOL 360 CC,,,,
1471,REPUESTO AEROSOL AROMATIZADOR New Scent LAVANDA,AEROSOL 360 CC,,,,
1472,REPUESTO AEROSOL AROMATIZADOR New Scent MANZANA,AEROSOL 360 CC,,,,
1473,REPUESTO AEROSOL AROMATIZADOR New Scent ONIRIO,AEROSOL 360 CC,,,,
1474,REPUESTO AEROSOL AROMATIZADOR New Scent PAMPA,AEROSOL 360 CC,,,,
1475,REPUESTO AEROSOL AROMATIZADOR New Scent PAPAYA,AEROSOL 360 CC,,,,
1476,REPUESTO AEROSOL AROMATIZADOR New Scent PETRA,AEROSOL 360 CC,,,,
1477,REPUESTO AEROSOL AROMATIZADOR New Scent ROCIO,AEROSOL 360 CC,,,,
1478,REPUESTO AEROSOL AROMATIZADOR New Scent SATOMI,AEROSOL 360 CC,,,,
1479,REPUESTO AEROSOL AROMATIZADOR New Scent SERENA,AEROSOL 360 CC,,,,
1480,REPUESTO AEROSOL AROMATIZADOR New Scent UVA,AEROSOL 360 CC,,,,
1481,REPUESTO AEROSOL AROMATIZADOR New Scent VAINILLA,AEROSOL 360 CC,,,,
1482,REPUESTO AEROSOL AROMATIZADOR New Scent VERBENA,AEROSOL 360 CC,,,,
1483,REPUESTO ESTATICO X 40 CM,1 u,,,,
1484,REPUESTO ESTATICO X 60 CM,1 u,,,,
1485,REPUESTO ESTATICO X 80 CM,1 u,,,,
1486,REPUESTO GOMA P/ SECADOR METALICO X 100 CM,UNIDAD,,,,
1487,REPUESTO GOMA P/ SECADOR METALICO X 60 CM,UNIDAD,,,,
1488,REPUESTO GOMA P/ SECADOR METALICO X 80 CM,UNIDAD,,,,
1489,REPUESTO LAMPAZO x 100 cm,UNIDAD,,,,
1490,REPUESTO LAMPAZO x 35 cm,UNIDAD,,,,
1491,REPUESTO LAMPAZO x 80 cm,UNIDAD,,,,
1492,RESINA COLOFONIA WW,BOLSA X 25,,,,
1493,RESINOIDE GALBANO,FRACCIONADO,,,,
1494,RESINOIDE LABDANO,FRACCIONADO,,,,
1495,RESORCINA TECNICA,CUÑETE X 25,,,,
1496,RESORCINA USP,CUÑETE X 25,,,,
1497,RESTAURADOR DE CUEROS Y VINILOS 3M,UNIDAD,,,,
1498,RESTAURADOR DE MUEBLES SUIZA natural,ENVASE X 100 mL,,,,
1499,RESTAURADOR DE MUEBLES SUIZA x 200 CAOBA,ENVASE X 100 mL,,,,
1500,RESTAURADOR DE MUEBLES SUIZA x 200 NOGAL,ENVASE X 100 mL,,,,
1501,ROLLO DE COCINA  X 180 PAÑOS,UNIDAD,,,,
1502,ROLLO DE COCINA BOLSON 12 UN X 180 PAÑOS,BOLSON X 12 UN,,,,
1503,ROLLO DE COCINA BOLSON CAMPANITA CLASSIC,BOLSON 10 PAQ.,,,,
1504,ROLLO DE COCINA CAMPANITA CLASSIC PACK X 3,PAQUETE 3 UN,,,,
1505,ROLLO DE COCINA MAGIC,1 u,,,,
1506,ROLLO DE COCINA SCOTT MAGIC Bolson 8 Paq x 3 Un,BOLSON 8 PAQ X 3 UN,,,,
1507,ROLLO DE COCINA SCOTT MAGIC Paq x 3 Un,PAQUETE 3 UN,,,,
1508,ROLLO DE COCINA SUSSEX,ENVASE X 3 UNIDADES,,,,
1509,ROSA ACETOL,FRACCIONADO,,,,
1510,SACARINA SODICA,CAJA X 25,,,,
1511,SAL ESPECIAL FINISH PARA LAVAVAJILLA X 1KG,UNIDAD,,,,
1512,SALICILATO DE BENCILO,TAMBOR X 200,,,,
1513,SALICILATO DE HEXILO,TAMBOR X 200,,,,
1514,SALICILATO DE ISOAMILO,TAMBOR X 200,,,,
1515,SALICILATO DE METILO,BIDON X 25,,,,
1516,SANDALORE,FRACCIONADO,,,,
1517,SANDELA,BIDON X 5,,,,
1518,SECADOR DE ALUMINIO x 100 cm,UNIDAD,,,,
1519,SECADOR DE ALUMINIO x 60 cm,UNIDAD,,,,
1520,SECADOR DE ALUMINIO x 80 cm,UNIDAD,,,,
1521,SECADOR DE CHAPA P/ VIDRIOS,UNIDAD,,,,
1522,SECADOR DE CHAPA x 100 cm,UNIDAD,,,,
1523,SECADOR DE CHAPA x 50 cm,UNIDAD,,,,
1524,SECADOR DE CHAPA x 80 cm,UNIDAD,,,,
1525,SECADOR DE GOMA DYLON x 30 cm,UNIDAD,,,,
1526,SECADOR DE GOMA DYLON x 40 cm,UNIDAD,,,,
1527,SECADOR DE GOMA DYLON x 50 cm,UNIDAD,,,,
1528,SECADOR DE GOMA X 100 cm,UNIDAD,,,,
1529,SECADOR DE GOMA X 60 cm,UNIDAD,,,,
1530,SECADOR DE GOMA x 80 cm,UNIDAD,,,,
1531,SECADOR DOBLE GOMA SALZANO x 30cm,UNIDAD,,,,
1532,SECADOR DOBLE GOMA SALZANO x 40 cm,UNIDAD,,,,
1533,SECADOR FIORENTINA x 30 cm,UNIDAD,,,,
1534,SECADOR FIORENTINA x 40 cm,UNIDAD,,,,
1535,SECADOR FIORENTINA x 50 cm,UNIDAD,,,,
1536,SECADOR GOMA NEGRO x 30 cm,UNIDAD,,,,
1537,SECADOR GOMA NEGRO x 40 cm,UNIDAD,,,,
1538,SECADOR GOMA NEGRO x 50 cm,UNIDAD,,,,
1539,SECADOR PLASTICO CON CABO SG P/ VIDRIOS,UNIDAD,,,,
1540,SECADOR ROJO SG x 40 cm,UNIDAD,,,,
1541,SECADOR ROJO SG x 50 cm,UNIDAD,,,,
1542,SECADOR SAMANTHA x 40 cm,UNIDAD,,,,
1543,SECADOR SAMANTHA x 50 cm,UNIDAD,,,,
1544,SECADOR SG x 40 cm,UNIDAD,,,,
1545,SECADOR SG x 50 cm,UNIDAD,,,,
1546,SECADOR VIRULANA x 30 cm,UNIDAD,,,,
1547,SECADOR VIRULANA x 40 cm,UNIDAD,,,,
1548,SECADORES DE ALUMINIO X 1 MTR,1 u,,,,
1549,SECADORES DE MADERA X 60 CM,1 u,,,,
1550,SECADORES DE MADERA X 80 CM,1 u,,,,
1551,SECADORES DE PISO DOBLE GOMA 40 CM,1 u,,,,
1552,SECADORES X 40 CM DE MADERA,1 u,,,,
1553,SECUESTRANTE DE POLVO S5 ACRYPOL x 5 Lt,BIDON X 5,,,,
1554,SELLADOR ACRILICO S10 ACRYPOL x 5 Lt,BIDON X 5,,,,
1555,SEÑAL PISO MOJADO ´´ROYCO´´,UNIDAD,,,,
1556,SERVILLETAS DE PAPEL CAMPANITA x70,ENVASE X 70 UNIDADES,,,,
1557,SHAMPOO  CON SILICONA Y TEFLON Botella x 1 Lt,ENVASE X 1,,,,
1558,SHAMPOO ANTIPULGAS PARA MASCOTAS,BIDON X 5,,,,
1559,SHAMPOO CAR WASH 3M x 473 mL,UNIDAD,,,,
1560,SHAMPOO CON CERA,BIDON X 5,,,,
1561,SHAMPOO CON GARRAP. Y PULG. Bidon x 5 Lt,BIDON X 5,,,,
1562,SHAMPOO CON GARRAP. Y PULG. Botella x 1 Lt,ENVASE X 1 Lt,,,,
1563,SHAMPOO CON SILICONA Y TEFLON Bidon x 20 Lt,BIDON X 5,,,,
1564,SHAMPOO CON SILICONA Y TEFLON Bidon x 5 Lt,BIDON X 5,,,,
1565,SILICAGEL GRANULADO AZUL,CUÑETE X 25,,,,
1566,SILICE PRECIPITADA EN POLVO/GRANULAR,BIDON X 25,,,,
1567,SILICONA,BIDON X 5,,,,
1568,SILICONA 100 cSt - DIMETICONA 100 cSt,TAMBOR X 200,,,,
1569,SILICONA 1000 cSt - DIMETICONA 1000 cSt,TAMBOR X 200,,,,
1570,SILICONA 350 cSt - DIMETICONA 350 cSt,TAMBOR X 200,,,,
1571,SILICONA PERFUMADA  AEROSOL x 360 mL,ENVASE X 360 gr,,,,
1572,SOLVENTE 04 Fraccionado,FRACC. x 1 x 5 x 20 Lt,,,,
1573,SOLVENTE 04 Tambor x 200 Lt,TAMBOR X 200,,,,
1574,SOLVENTE DIELECTRICO,FRACCIONADO,,,,
1575,SOPAPA,UNIDAD,,,,
1576,SOPAPA CON MANGO,UNIDAD,,,,
1577,SOPAPA FUELLE DESESPLAT,UNIDAD,,,,
1578,SORBATO DE POTASIO GRANULAR Caja x 25 Kg,CAJA X 25,,,,
1579,SORBATO DE POTASIO GRANULAR Fraccionado,FRACCIONADO x 1 o 5 Kg,,,,
1580,SORBITOL LIQ. 70%,TAMBOR X 275,,,,
1581,SORBITOL POLVO USP,CAJA X 20,,,,
1582,SUAVIZANTE AMARILLO,BIDON X 5,,,,
1583,SUAVIZANTE AMARILLO,BIDON X 20,,,,
1584,SUAVIZANTE BLANCO,BIDON X 5,,,,
1585,SUAVIZANTE BLANCO,BIDON X 20,,,,
1586,SUAVIZANTE CELESTE,BIDON X 5,,,,
1587,SUAVIZANTE CELESTE,BIDON X 20,,,,
1588,SUAVIZANTE CELESTE,BIDON X 5,,,,
1589,SUAVIZANTE CELESTE,BIDON X 20,,,,
1590,SUAVIZANTE TEXTIL BLANCO T/P Bidon x 20  Lt,BIDON X 20,,,,
1591,SUAVIZANTE TEXTIL BLANCO T/P Bidon x 5 Lt,ENVASE X 5 LT,,,,
1592,SUAVIZANTE TEXTIL BLANCO T/P Granel,NO INCLUYE ENVASE NI FLETE,,,,
1593,SUAVIZANTE TEXTIL CELESTE T/P Bidon x 20  Lt,BIDON X 20,,,,
1594,SUAVIZANTE TEXTIL CELESTE T/P Bidon x 5 Lt,ENVASE X 5 LT,,,,
1595,SUAVIZANTE TEXTIL CELESTE T/P Granel,NO INCLUYE ENVASE NI FLETE,,,,
1596,SUAVIZANTE TEXTIL CONFORT CLASSIC x2L,BOTELLA x 2 LITROS,,,,
1597,SUAVIZANTE TEXTIL NEUTRO Granel,NO INCLUYE ENVASE NI FLETE,,,,
1598,SULFATO DE ALUMINIO Bolsa x 25 Kg,BOLSA X 25,,,,
1599,SULFATO DE ALUMINIO Fraccionado,FRACCIONADO x 1 o 5 Kg,,,,
1600,SULFATO DE AMONIO Bolsa x 25 Kg,BOLSA X 25,,,,
1601,SULFATO DE AMONIO Fraccionado,FRACCIONADO x 1 o 5 Kg,,,,
1602,SULFATO DE BARIO BLANCO Bolsa x 25 Kg,BOLSA X 25,,,,
1603,SULFATO DE CINC MONHIDRATO,BOLSA X 25,,,,
1604,SULFATO DE COBALTO,CUÑETE X 25,,,,
1605,SULFATO DE COBRE PENTAHIDRATO NIEVE Bolsa x 25 Kg,BOLSA X 25,,,,
1606,SULFATO DE COBRE PENTAHIDRATO NIEVE Fraccionado,FRACCIONADO X 1 o 5 Kg,,,,
1607,SULFATO DE MAGNESIO HEPTAHIDRATO,BOLSA X 25,,,,
1608,SULFATO DE SODIO ANHIDRO**,BOLSA X 25,,,,
1609,SULFATO FERROSO HEPTAHIDRATO Bolsa x 25 Kg,BOLSA X 25,,,,
1610,SULFATO FERROSO HEPTAHIDRATO Fraccionado,FRACCIONADO X 1 o 5 Kg,,,,
1611,SULFHIDRATO DE SODIO,BOLSA X 25,,,,
1612,SULFITO DE SODIO Bolsa x 25 Kg,BOLSA X 25,,,,
1613,SULFITO DE SODIO Fraccionado,FRACCIONADO x 1 o 5 Kg,,,,
1614,SULFONATO DE SODIO,TAMBOR X 200,,,,
1615,SULFONATO DE SODIO DE PETROLEO,TAMBOR X 200,,,,
1616,SULFURO DE SODIO ESCAMAS,BOLSA X 25,,,,
1617,SUNPOLVO MAQUINA LAVAVAJILLA x 1 Kg,PAQUETE x 1 Kg,,,,
1618,TABLA PROFESIONAL MEDIANA 35X50,UNIDAD,,,,
1619,TABLETA LAVAVAJILA FINISH 15 TABLETAS,UNIDAD,,,,
1620,TACHO 68 LTS RDO T/BASCULAR,UNIDAD,,,,
1621,TACHO DE ACERO INOXIDABLE CHICO,UNIDAD,,,,
1622,TACHO DE ACERO INOXIDABLE GRANDE,UNIDAD,,,,
1623,TACHO DE BASURA A PEDAL C/ TAPA 6 Lt,UNIDAD,,,,
1624,TACHO DE BASURA ACERO A PEDAL,UNIDAD,,,,
1625,TACHO DE BASURA DESESPLAS A PEDAL 18 Lt,UNIDAD,,,,
1626,TACHO DE BASURA DESESPLAS X 10 LTS,UNIDAD,,,,
1627,TACHO DE BASURA DESESPLAS X 10 LTS+ PALA OFERTA,UNIDAD,,,,
1628,TACHO DE BASURA REDONDO C/ TAPA  MEDIANO 34Lt,UNIDAD,,,,
1629,TACHO DE BASURA REDONDO C/ TAPA 6 Lt,UNIDAD,,,,
1630,TACHO DE BASURA REDONDO C/ TAPA 68LTS.,UNIDAD,,,,
1631,TACHO DE BASURA REDONDO C/ TAPA 9 Lt,UNIDAD,,,,
1632,TACHO DE BASURA TAPA VAIVEN 10 LTS RECTANGULAR,UNIDAD,,,,
1633,TALCO CHINO HICHEM Nº 1 Bolsa x 25 Kg,BOLSA X 25,,,,
1634,TALCO INDUSTRIAL NACIONAL Bolsa x 25 Kg,BOLSA X 25,,,,
1635,TALCO INDUSTRIAL NACIONAL Fraccionado,FRACCIONADO x 1 o 5 Kg,,,,
1636,TANINO,BOLSA X 25,,,,
1637,TAPA DE POTE PLASTICO 250 mL,UNIDAD,,,,
1638,TAPA DE POTE PLASTICO x 1000 mL,UNIDAD,,,,
1639,TAPA FACETEADA PPI AZUL,UNIDAD,,,,
1640,TARRO PARAJABON EN POLVO 1KG,ENVASE X 400 gr,,,,
1641,TENDER DE PIE METALICO PLEGABLE,ENVASE X UNIDAD,,,,
1642,TENDER RECTANGULAR PLASTICO 12 BROCHES,ENVASE X UNIDAD,,,,
1643,TERMIXAN BP X 1 KG,ENVASE X 1 Kg,,,,
1644,TERPENO DE NARANJA,TAMBOR X 200,,,,
1645,TERPINEOL,TAMBOR X 200,,,,
1646,TETRACLORURO DE CARBONO,TAMBOR X 200,,,,
1647,TETRAHIDROFURANO,TAMBOR X 200,,,,
1648,TETRAHIDROLINALOL,FRACCIONADO,,,,
1649,TIMOL CRISTAL,CUÑETE X 25,,,,
1650,TIOSULFATO DE SODIO,BOLSA X 25,,,,
1651,TOALLAS DE MANOS INTERCALADAS 20*24,2500 Caja,,,,
1652,TOALLAS DE PAPEL INTECALADAS BLANCA T2 CAJA 2500 UN,ENVASE X 2.500 UNIDADES,,,,
1653,TOALLAS DE PAPEL INTERCALADAS BEIGE CAJA 2500 UN,ENVASE X 2.500 UNIDADES,,,,
1654,TOALLAS DE PAPEL INTERCALADAS PREMIUM BLANCAS CAJA 2500 UN,ENVASE X 2.500 UNIDADES,,,,
1655,TOALLAS HUMEDA DESINFECTANTE ESPADOL x 50 UN,UNIDAD,,,,
1656,TOALLAS HUMEDA DESINFECTANTE LYSOFORM x 36 UN,UNIDAD,,,,
1657,TOALLAS HUMEDA ESPADOL 6 Pack x 10 UN,UNIDAD,,,,
1658,TOALLAS HUMEDA ESPADOL Pack x 10 UN,UNIDAD,,,,
1659,TOLUENO / DILUYENTE T Fraccionado*,FRACC. x 1 x 5 x 20 Lt,,,,
1660,TOLUENO / DILUYENTE T Tambor x 200 Lt**,TAMBOR X 200,,,,
1661,TONALIDE,FRACCIONADO,,,,
1662,TRAMPA CON CEBO CUCARACHICIDA BAYGON,CAJA X 4 UN,,,,
1663,TRAMPERA DE MADERA,UNIDAD,,,,
1664,TRAMPERA DE METAL RECTANGULAR,UNIDAD,,,,
1665,TRAPO DE PISO BALERINA,UNIDAD,,,,
1666,TRAPO DE PISO Blanco Nido de Abeja,UNIDAD,,,,
1667,TRAPO DE PISO CHICO Blanco,UNIDAD,,,,
1668,TRAPO DE PISO CHICO Gris,UNIDAD,,,,
1669,TRAPO DE PISO CONSORCIO Blanco,UNIDAD,,,,
1670,TRAPO DE PISO CONSORCIO Gris,UNIDAD,,,,
1671,TRAPO DE REJILLA,UNIDAD,,,,
1672,TRAPO DE REJILLA AMARILLO,UNIDAD,,,,
1673,TRAPO DE REJILLA ESPONJA,UNIDAD,,,,
1674,TRAPO DE REJILLA NIDO DE ABEJA ALGODON,UNIDAD,,,,
1675,TRAPO DE REJILLA PARA AUTO,UNIDAD,,,,
1676,TRAPO DE REJILLA PARA AUTO TRIPLE,UNIDAD,,,,
1677,TRAPO DE REJILLA PARA AUTO TRIPLE FRANCIOTEX,UNIDAD,,,,
1678,TRAPO DE SABANA,UNIDAD,,,,
1679,TRAPOS DE PISOS X 1 MTR TRAPO,1 u,,,,
1680,TRIACETINA,TAMBOR X 240,,,,
1681,TRICLOROETILENO Fraccionado,FRACC. x 1 x 5 o x 20 Kg,,,,
1682,TRICLOROETILENO Tambor x 290 Kg,TAMBOR X 290,,,,
1683,TRIETANOLAMINA 85% Fraccionado,FRACC. x 1 x 5 o x 20 Kg,,,,
1684,TRIETANOLAMINA 85% Tambor x 230 Kg,TAMBOR X 230,,,,
1685,TRIETANOLAMINA 99%,TAMBOR X 230,,,,
1686,TRIETILAMINA,TAMBOR X 140,,,,
1687,TRIGLICERIDO CAPRILICO CAPRICO,TAMBOR X 175,,,,
1688,TRIPAL,FRACCIONADO,,,,
1689,TRIPOLIFOSFATO DE SODIO Bolsa x 25 Kg,BOLSA X 25,,,,
1690,TRIPOLIFOSFATO DE SODIO Fraccionado,FRACCIONADO x 1 o 5 Kg,,,,
1691,TWEEN 20 / POLISORBATO 20,TAMBOR X 200,,,,
1692,TWEEN 20 / POLISORBATO 20 Fraccionado,FRACC. x 1 x 5 o x 20 Kg,,,,
1693,TWEEN 60 / POLISORBATO 60,TAMBOR X 200,,,,
1694,TWEEN 60 / POLISORBATO 60 Fraccionado,FRACC. x 1 x 5 o x 20 Kg,,,,
1695,TWEEN 80 / POLISORBATO 80,TAMBOR X 200,,,,
1696,TWEEN 80 / POLISORBATO 80 Fraccionado,FRACC. x 1 x 5 o x 20 Kg,,,,
1697,UREA CRISTAL TECNICA Bolsa x 50 Kg,BOLSA X 50,,,,
1698,UREA CRISTAL TECNICA Fraccionado,FRACC. x 1 x 5 o x 20 Kg,,,,
1699,URINAL,UNIDAD,,,,
1700,VAINILLINA,CUÑETE X 25,,,,
1701,VANISH 02 REMOVEDOR DE MANCHAS,UNIDAD,,,,
1702,VANISH WHITE,DOY PACK 450,,,,
1703,"VASELINA LIQUIDA 180\"" USP",TAMBOR X 210,,,,
1704,VASELINA LIQUIDA 340,TAMBOR X 210,,,,
1705,VASELINA LIQUIDA 90 COSMETICA Fraccionado,FRACC. x 1 x 5 x 20 Lt,,,,
1706,VASELINA LIQUIDA 90 COSMETICA Tambor x 210 Kg,TAMBOR X 210,,,,
1707,VASELINA SOLIDA AMARILLA Balde x 18 Kg,BALDE X 18 Kg,,,,
1708,VASELINA SOLIDA BLANCA USP Balde x 18 Kg,BALDE X 18 Kg,,,,
1709,VASELINA SOLIDA BLANCA USP Balde x 9 Kg,BALDE X 9 Kg,,,,
1710,VASELINA SOLIDA BLANCA USP Pote x 1 Kg,POTE X 1 Kg,,,,
1711,VASELINA SOLIDA BLANCA USP Pote x 4 Kg,POTE X 4 Kg,,,,
1712,VASELINA SOLIDA BLANCA USP Tambor x 175 Kg,TAMBOR X 175 Kg,,,,
1713,VERTOFIX,FRACCIONADO,,,,
1714,VETAX INSECTICIDA PRESERVADOR DE MADERA x 1 Kg,BOTELLA X 1 Lt,,,,
1715,VIM LAVANDINA GEL X 750 ML,ENVASE X 750,,,,
1716,VIOLETA DE METILO,CUÑETE X 25,,,,
1717,VIRULANA EN ROLLITOS Paquete x  10 UN,ENVASE X 6 UNIDADES,,,,
1718,VIRULANA EN ROLLITOS Paquete x  6 UN,ENVASE X 6 UNIDADES,,,,
1719,VIRULANA RUEDA,ENVASE X UNIDAD,,,,
1720,VIRUTA FINA,ENVASE X 1 PAQUETE,,,,
1721,VIRUTA GRUESA,ENVASE X 1 PAQUETE,,,,
1722,VIRUTA MEDIANA,ENVASE X 1 PAQUETE,,,,
1723,WOOLITE PARA ROPA FINA,ENVASE X 450 mL,,,,
1724,WOOLITE PARA ROPA NEGRA,UNIDAD,,,,
1725,XILENO **,TAMBOR X 200,,,,
1726,XILENO SULFONATO SODICO 90 %,TAMBOR X 200,,,,
1727,XILITOL,BOLSA X 25,,,,
1728,YARA YARA,CUÑETE X 25 Kg,,,,
1729,LAVANDINA EN GEL,BIDON X 3,,,,
